held_out_event,time_s,slowness_sdeg,power,support_count,branch,abs_dt_vs_full_s,abs_ds_vs_full_sdeg,branch_flip,json_sha256,npz_sha256,s3_npz_uri,s3_json_uri
S0105a,663.75,-3.6363636363636367,1.0123297663708317,22,662-family,0.049999999999954525,0.0,False,67210317576365658328513a5d8788f6bfca5ae57a265a5ac734f9b90f552256,39caa2e59e9a48bbd0134440ebea3dc44f6423e8bf69245ba76b99615b44fb6c,s3://marsquake/paper0_evidence/20260726_loo_influence/hold_out_S0105a.npz,s3://marsquake/paper0_evidence/20260726_loo_influence/hold_out_S0105a.json
S0173a,663.05,-3.5353535353535355,1.0176135550335526,22,662-family,0.75,0.10101010101010122,False,c7878455b280106e07d0b9952f04adebf394cf921714369983bd70dd7e399fcd,596bc6ceb69640864a9871a4e9cd10ada55b1f8d132a724d1d31740d9e87e49c,s3://marsquake/paper0_evidence/20260726_loo_influence/hold_out_S0173a.npz,s3://marsquake/paper0_evidence/20260726_loo_influence/hold_out_S0173a.json
S0189a,663.4,0.0,0.9770995126907189,22,662-family,0.39999999999997726,3.6363636363636367,False,04c6d7768bbf8ac1d9d8efa2a929bd02ad692e2fb3fc19e4e01fdc511585ba91,50f358cc8b00e95ceb808e1bf5d0c76ed6d8eac9e62e226c54ed1adbc3ac3443,s3://marsquake/paper0_evidence/20260726_loo_influence/hold_out_S0189a.npz,s3://marsquake/paper0_evidence/20260726_loo_influence/hold_out_S0189a.json
S0235b,664.0,-3.6363636363636367,0.9842363403789907,22,662-family,0.20000000000004547,0.0,False,b9872b854d79c9df72b5411caf221690dc896c608b7521d00f011658cd46ba78,17031216d648f937dfa71a9d5a71eb09d13e4057a92a3971b8630675b19f1b34,s3://marsquake/paper0_evidence/20260726_loo_influence/hold_out_S0235b.npz,s3://marsquake/paper0_evidence/20260726_loo_influence/hold_out_S0235b.json
S0290b,663.9,-3.6363636363636367,0.935106008273579,22,662-family,0.10000000000002274,0.0,False,14915b40194ed494594b0347384e3f4a58e945034c37b265dcaaf7efb403f5ba,d5030574755f1dca4c44fba03cce8c7563576c7566311d46cc2b573f04570106,s3://marsquake/paper0_evidence/20260726_loo_influence/hold_out_S0290b.npz,s3://marsquake/paper0_evidence/20260726_loo_influence/hold_out_S0290b.json
S0325a,602.25,-3.4343434343434343,0.9587304452622245,22,602-family,61.549999999999955,0.20202020202020243,True,4aa10d61bf14f8d6065a0d28c749578aac256a432b5eb016c79d70b662e0f5f3,cf17f73bfb8240bab6e8e0f044658bf74cbe0eb5819a18abd315812c0d41e13a,s3://marsquake/paper0_evidence/20260726_loo_influence/hold_out_S0325a.npz,s3://marsquake/paper0_evidence/20260726_loo_influence/hold_out_S0325a.json
S0474a,606.35,0.0,0.9342616120675286,22,602-family,57.44999999999993,3.6363636363636367,True,9b1c3fc5202eac48c1da83e83bbeb3f50bd2bb007b0d4a254754baeb7fbd492c,95b54199c5d0ec65c7a67414dca2b698e127612a5fcb6d3f95cc9356d4264677,s3://marsquake/paper0_evidence/20260726_loo_influence/hold_out_S0474a.npz,s3://marsquake/paper0_evidence/20260726_loo_influence/hold_out_S0474a.json
S0484b,663.25,0.0,0.9830635570016738,22,662-family,0.5499999999999545,3.6363636363636367,False,3611d0908bcc44448c0a5d6557f670ad99fb98c05a0d85721520ce7476a41c82,3f314d71725fb21398b81e06a7ba583e6db4f99dac6e4d34320f630d120b0fa6,s3://marsquake/paper0_evidence/20260726_loo_influence/hold_out_S0484b.npz,s3://marsquake/paper0_evidence/20260726_loo_influence/hold_out_S0484b.json
S0784a,664.4,-3.6363636363636367,0.9839569543018218,22,662-family,0.6000000000000227,0.0,False,f5d6a9a69247ca6042ea694031ab240030b4186d50188bd3da0423d125fc34f4,93bcb2e9f340c39b0ecb760f363ab9a204da6efea17f20284249b5a027340104,s3://marsquake/paper0_evidence/20260726_loo_influence/hold_out_S0784a.npz,s3://marsquake/paper0_evidence/20260726_loo_influence/hold_out_S0784a.json
S0802a,663.15,-3.5353535353535355,0.9411455445696376,22,662-family,0.6499999999999773,0.10101010101010122,False,3b171dc5ab9fdbe4399504a580d320c0d2e341756208715d1ec0c8ded771f400,06b62155277babd08af3fc21104b62e0262ddc69abdb5c6ad9fbbd4e770ef299,s3://marsquake/paper0_evidence/20260726_loo_influence/hold_out_S0802a.npz,s3://marsquake/paper0_evidence/20260726_loo_influence/hold_out_S0802a.json
S0820a,663.8,-3.6363636363636367,1.017885808278677,22,662-family,0.0,0.0,False,59a8d7cf18c2e13c66f7c5b2cc6665e75fbb5777c3009ed63b2e7c6b4c54cfbd,65c54a12668fbdb9d8d613628e7b1539c9ce6f0edf9b4c7bcedb6418d67af524,s3://marsquake/paper0_evidence/20260726_loo_influence/hold_out_S0820a.npz,s3://marsquake/paper0_evidence/20260726_loo_influence/hold_out_S0820a.json
S0864a,601.95,-2.8282828282828287,0.9068139101847029,22,602-family,61.84999999999991,0.808080808080808,True,37abd979eed155047b20c8df7ed7e7b595e81aab69fa022ba6c294c0b171915d,d15c72446cff7b4f9709af9841281ba5d3e459c95284df66445c831141efddf8,s3://marsquake/paper0_evidence/20260726_loo_influence/hold_out_S0864a.npz,s3://marsquake/paper0_evidence/20260726_loo_influence/hold_out_S0864a.json
S0916d,663.95,-3.6363636363636367,0.9780440677835174,22,662-family,0.15000000000009095,0.0,False,44b53ae91388b583ecea6f0d99a2a48682f45eeba8fa45fa9ba821071144d777,a366d20768202c9b6199600a883204318bbbfae7c0cdf7028f7447799ee36d37,s3://marsquake/paper0_evidence/20260726_loo_influence/hold_out_S0916d.npz,s3://marsquake/paper0_evidence/20260726_loo_influence/hold_out_S0916d.json
S0918a,663.95,-3.6363636363636367,0.9790976571424387,22,662-family,0.15000000000009095,0.0,False,2439e536b57157d8fd572affc6e2c37d917d68ec055f5dd2e27a3cd964811f4e,d0048ffa1b67973432101caee92bb9a14f29e13b631b30fd4b8360def386db90,s3://marsquake/paper0_evidence/20260726_loo_influence/hold_out_S0918a.npz,s3://marsquake/paper0_evidence/20260726_loo_influence/hold_out_S0918a.json
S1012d,602.15,-2.6262626262626263,0.9826600329201534,22,602-family,61.64999999999998,1.0101010101010104,True,ef39f3de7f942405ca1ac1c5d5ddffc55d4d9bdebc2c7a3f95683e5e27f2ae32,faf93e88c1908048e10778f524645e6ebc3b681476ce26a738cc714f965249a5,s3://marsquake/paper0_evidence/20260726_loo_influence/hold_out_S1012d.npz,s3://marsquake/paper0_evidence/20260726_loo_influence/hold_out_S1012d.json
S1015f,664.75,-3.737373737373738,0.8943330732104513,22,662-family,0.9500000000000455,0.10101010101010122,False,fadd4dc6ab044d77bf206151632282cb0ffdc9f65b2f8912fb0d5dbd52c8cf55,731884cd34c1974ab0e303df00165a9239e5ced650013e15d28a368d77a4acf9,s3://marsquake/paper0_evidence/20260726_loo_influence/hold_out_S1015f.npz,s3://marsquake/paper0_evidence/20260726_loo_influence/hold_out_S1015f.json
S1022a,602.2,-2.8282828282828287,0.8848422548542715,22,602-family,61.59999999999991,0.808080808080808,True,36bf237aa945ea2810ca0f4c692dd9f87bb36f8e7c309953104b31df1ec6c53d,cd686d6abde7fc5b17a7753e71df84d43ec20288465902f34a8c5962332a996e,s3://marsquake/paper0_evidence/20260726_loo_influence/hold_out_S1022a.npz,s3://marsquake/paper0_evidence/20260726_loo_influence/hold_out_S1022a.json
S1039b,602.05,-2.8282828282828287,0.9002741038174087,22,602-family,61.75,0.808080808080808,True,31bb6e32c3eb8fdac2c8057122044c5645b7bdfc6dc1655a21a2cb779690cbd5,786f7b7f78f0d417f7a3296fba68d9a18245e009bb4991fae2723e1536e18d03,s3://marsquake/paper0_evidence/20260726_loo_influence/hold_out_S1039b.npz,s3://marsquake/paper0_evidence/20260726_loo_influence/hold_out_S1039b.json
S1048d,662.95,-3.5353535353535355,0.9292872437004751,22,662-family,0.849999999999909,0.10101010101010122,False,191bd8df2deddbc4c7a6306240f9c290d8de2536102c9e54444e45491d2d4973,8a4783b78b1ae66c5d4e05af3177334ede5b08033226dee44f357169b9a27be5,s3://marsquake/paper0_evidence/20260726_loo_influence/hold_out_S1048d.npz,s3://marsquake/paper0_evidence/20260726_loo_influence/hold_out_S1048d.json
S1133c,663.95,0.0,1.0247542887173366,22,662-family,0.15000000000009095,3.6363636363636367,False,4a34b13df0dd3883ae3f03aa12ab7438fb339a9e3350f119e17763ba19b44038,895474d8ae7c2aa5a6b58859bc4b74aff5d4fd00e405aa38d093ae8e2a17ecbd,s3://marsquake/paper0_evidence/20260726_loo_influence/hold_out_S1133c.npz,s3://marsquake/paper0_evidence/20260726_loo_influence/hold_out_S1133c.json
S1157a,663.55,-3.6363636363636367,0.9574972242272373,22,662-family,0.25,0.0,False,c9d339caeb31e08d78f5dd8d3e66d1499f15e4f05ac18d0385a9b4c173f1dd76,d11db9e4392f9b532740dbbbb1c1d51a7353bccfd99836e87c5f29f30748ef34,s3://marsquake/paper0_evidence/20260726_loo_influence/hold_out_S1157a.npz,s3://marsquake/paper0_evidence/20260726_loo_influence/hold_out_S1157a.json
S1197a,664.0,0.0,0.9745404319604285,22,662-family,0.20000000000004547,3.6363636363636367,False,8607ede90c945f416b3e8cb5eafbc9b76bef6e199f39a6e5daabe3b29adb5ba6,f970527c73181cbc6e9f10f84102bc1c30e4864cdb8b58c5d69db011a60f9659,s3://marsquake/paper0_evidence/20260726_loo_influence/hold_out_S1197a.npz,s3://marsquake/paper0_evidence/20260726_loo_influence/hold_out_S1197a.json
S1222a,662.85,0.0,1.0047447554101614,22,662-family,0.9499999999999318,3.6363636363636367,False,08e6307cc2afbe973655a0cd8dac7f703e76fc29004b59aca7a1bc5625249de1,b80e1febb14d8eee637a956a73a406056b81f746e2a7f87895c153821ed67958,s3://marsquake/paper0_evidence/20260726_loo_influence/hold_out_S1222a.npz,s3://marsquake/paper0_evidence/20260726_loo_influence/hold_out_S1222a.json
