item,url,date,sha256,path
selection_query,https://earthquake.usgs.gov/fdsnws/event/1/query?format=geojson&starttime=2000-01-01T00%3A00%3A00&endtime=2026-01-01T00%3A00%3A00&latitude=34.94591&longitude=-106.4572&minradius=25.0&maxradius=35.0&mindepth=10&maxdepth=70&minmagnitude=6.0&orderby=magnitude&limit=200,2026-08-01T18:47:18Z,a931d95e7bdb0bb0e2e57d95860a9166e08caf85a92204a028c9903dfe0510c2,catalog/selection_query.geojson
contamination_screen,(per-event queries; see file),2026-08-01T18:49:23Z,86f14837f3cb0e6c4e66f97f83fc2e711929a9af15330b05ed3ca270b021cdab,catalog/contamination_screen.json
waveform:usp000juhz,FDSN IU.ANMO.00.BHZ 2012-10-28T03:04:36.064619Z..2012-10-28T03:34:36.064619Z,2026-08-01T18:49:30Z,6fa0a798ad51ae052097fa085473b2626fc1b2c6ddf5862c2fe06efea0e5db0a,data/raw/usp000juhz.mseed
waveform:usp000a7m5,FDSN IU.ANMO.00.BHZ 2001-01-13T17:34:10.093825Z..2001-01-13T18:04:10.093825Z,2026-08-01T18:49:31Z,79a11e3042433001f1b6ccca0e244019c9d42f972dcbb7973b1a8cc750372eec,data/raw/usp000a7m5.mseed
waveform:us60007idc,FDSN IU.ANMO.00.BHZ 2020-01-28T19:11:23.759923Z..2020-01-28T19:41:23.759923Z,2026-08-01T18:49:33Z,4351372edd9422360c40d300f0e6d1b4527872532bcd92f4ad420a162386ff4c,data/raw/us60007idc.mseed
waveform:usp000jrsw,FDSN IU.ANMO.00.BHZ 2012-09-05T14:43:25.915340Z..2012-09-05T15:13:25.915340Z,2026-08-01T18:49:35Z,20e19a3a794d306c9da855850c0e33f6c9f80c8768c1c2587bbb6371314415b3,data/raw/usp000jrsw.mseed
waveform:us7000pcdl,FDSN IU.ANMO.00.BHZ 2025-02-08T23:24:00.647138Z..2025-02-08T23:54:00.647138Z,2026-08-01T18:49:39Z,53824ad03a8c32f6cb5e1f93bd63a1d4d988dc210a0261ed17ec39a5332b8579,data/raw/us7000pcdl.mseed
waveform:us1000c2zy,FDSN IU.ANMO.00.BHZ 2018-01-10T02:52:12.689749Z..2018-01-10T03:22:12.689749Z,2026-08-01T18:49:41Z,fab10eab02c9e9a7aef9861fbbd1516163e2a1257abcd69d5c8c6129a73cd2d0,data/raw/us1000c2zy.mseed
waveform:usp000gxkj,FDSN IU.ANMO.00.BHZ 2009-05-28T08:25:15.045601Z..2009-05-28T08:55:15.045601Z,2026-08-01T18:49:44Z,173cb2c9a53b28368dae73eb524d1d250254fb5aabed5c3de385157d66924823,data/raw/usp000gxkj.mseed
waveform:usb000slwn,FDSN IU.ANMO.00.BHZ 2014-10-14T03:52:20.547839Z..2014-10-14T04:22:20.547839Z,2026-08-01T18:49:48Z,33b4ce8f0353e7214e6b76c42ef185eee5ec3d318af6fda98a04308921a44af6,data/raw/usb000slwn.mseed
waveform:usp000d63h,FDSN IU.ANMO.00.BHZ 2004-10-09T21:27:55.451156Z..2004-10-09T21:57:55.451156Z,2026-08-01T18:49:51Z,1710c06c9f2846f5ac7f95a26562093fa2cb69f1b0e3fc3075f55752eb7cd4d2,data/raw/usp000d63h.mseed
waveform:ak00489udzds,FDSN IU.ANMO.00.BHZ 2004-06-28T09:50:39.993844Z..2004-06-28T10:20:39.993844Z,2026-08-01T18:49:52Z,8bbec4dfdcc29fc6ba3e6e47d79b86a7990c37fbd35e1eab31728ffdda99bbf9,data/raw/ak00489udzds.mseed
waveform:usp000daqt,FDSN IU.ANMO.00.BHZ 2004-12-14T23:20:58.292836Z..2004-12-14T23:50:58.292836Z,2026-08-01T18:49:54Z,b60047ac0b6d89b4c3500ff26d24b8616087cf9b3c579aea3aa7ebab0626891e,data/raw/usp000daqt.mseed
waveform:us20009p1a,FDSN IU.ANMO.00.BHZ 2017-06-22T12:31:27.386470Z..2017-06-22T13:01:27.386470Z,2026-08-01T18:49:55Z,ede44332102a365908d5f2db66a1637bd908d3f0db0514a476bc2df8ef4f1e63,data/raw/us20009p1a.mseed
waveform:us7000nr0v,FDSN IU.ANMO.00.BHZ 2024-11-10T16:50:58.695224Z..2024-11-10T17:20:58.695224Z,2026-08-01T18:49:57Z,ad58267e9cef53602faade99089989d32ff4693d2f06feb06185d97f9dd2294e,data/raw/us7000nr0v.mseed
waveform:usp000fdyv,FDSN IU.ANMO.00.BHZ 2007-06-13T19:30:08.801230Z..2007-06-13T20:00:08.801230Z,2026-08-01T18:49:59Z,973857844a366c37baf0c5136c38bbaa6fb212c6cfdefca24a3caf39af126f79,data/raw/usp000fdyv.mseed
waveform:usp000a9jv,FDSN IU.ANMO.00.BHZ 2001-02-13T14:22:43.349790Z..2001-02-13T14:52:43.349790Z,2026-08-01T18:50:00Z,c995bfb29c6abe88f9cc5f47ec812c09b44d6e3fe7a16c178215a7059baad2bc,data/raw/usp000a9jv.mseed
waveform:usc000t4iq,FDSN IU.ANMO.00.BHZ 2014-12-08T08:56:40.950987Z..2014-12-08T09:26:40.950987Z,2026-08-01T18:50:02Z,fea379a6a2103d3caab7498dd9552420586129b57f2358817b04594a031164a2,data/raw/usc000t4iq.mseed
waveform:us70003t2n,FDSN IU.ANMO.00.BHZ 2019-05-30T09:04:06.042748Z..2019-05-30T09:34:06.042748Z,2026-08-01T18:50:04Z,0416d7b2dff74592de1ea8b6a57f2c279363e32ae9a211c9edfbbabf8bc9a413,data/raw/us70003t2n.mseed
waveform:us6000hf75,FDSN IU.ANMO.00.BHZ 2022-04-21T07:43:46.918433Z..2022-04-21T08:13:46.918433Z,2026-08-01T18:50:05Z,fb269f6fcac2ef2164a45779f7b87b43aa1551dd99b48cf5724611fa0dbf8462,data/raw/us6000hf75.mseed
waveform:usp000b923,FDSN IU.ANMO.00.BHZ 2002-07-31T00:18:34.128913Z..2002-07-31T00:48:34.128913Z,2026-08-01T18:50:07Z,126359ea7f2f0a51f085ce86399f1f61a2e7b2459f1d625abfd0277bf86c50dc,data/raw/usp000b923.mseed
waveform:usp000bnx3,FDSN IU.ANMO.00.BHZ 2003-01-21T02:47:14.964393Z..2003-01-21T03:17:14.964393Z,2026-08-01T18:50:08Z,220d6656d03dcdb1545fa0a0ad669c2d89bf4ea20d06d4e763c9013f57810fe9,data/raw/usp000bnx3.mseed
waveform:usp000cfzw,FDSN IU.ANMO.00.BHZ 2003-12-25T07:12:54.264521Z..2003-12-25T07:42:54.264521Z,2026-08-01T18:50:11Z,1abb1caf60f99eca6758722264938b029e232271d54c89f1f0e6fb7c9dbf324b,data/raw/usp000cfzw.mseed
waveform:usp000jucg,FDSN IU.ANMO.00.BHZ 2012-10-24T00:46:53.616390Z..2012-10-24T01:16:53.616390Z,2026-08-01T18:50:13Z,ac3409561c74ad38899570aef07b49d34a054f21c0f1af5cbc35d9dbd18055c8,data/raw/usp000jucg.mseed
waveform:usc000hrnr,FDSN IU.ANMO.00.BHZ 2013-06-15T17:35:26.457825Z..2013-06-15T18:05:26.457825Z,2026-08-01T18:50:14Z,effc24ef382c352c56fbbca931cfa06bf555965dc017cd51da07a66fcf86c7ed,data/raw/usc000hrnr.mseed
waveform:us7000fdds,FDSN IU.ANMO.00.BHZ 2021-09-22T09:57:59.535637Z..2021-09-22T10:27:59.535637Z,2026-08-01T18:50:16Z,85a70272a1c3728fb2a07d0c5aabfeab35e71b93c1f33de0734884262ec265f2,data/raw/us7000fdds.mseed
waveform:usp0009wwb,FDSN IU.ANMO.00.BHZ 2000-07-21T01:54:58.985096Z..2000-07-21T02:24:58.985096Z,2026-08-01T18:50:17Z,0bfb386ef31fddfeb906de2df17c2cf4552527f4ee6444efa9c43fd562fced70,data/raw/usp0009wwb.mseed
waveform:usp000b68d,FDSN IU.ANMO.00.BHZ 2002-06-16T02:47:48.029151Z..2002-06-16T03:17:48.029151Z,2026-08-01T18:50:19Z,93c101aaf96d5571094c3dcd13d8a345ff4d9fc99f35e693d18a07e23128dc93,data/raw/usp000b68d.mseed
waveform:usp000c89d,FDSN IU.ANMO.00.BHZ 2003-09-22T04:47:28.410322Z..2003-09-22T05:17:28.410322Z,2026-08-01T18:50:21Z,4a17e06bc1fdfcfe51028e8b8136d550b0af9e7c3331bed5ee4a81911320883a,data/raw/usp000c89d.mseed
waveform:usp000d8tf,FDSN IU.ANMO.00.BHZ 2004-11-20T08:08:51.926186Z..2004-11-20T08:38:51.926186Z,2026-08-01T18:50:22Z,70e9746ef62e3b71b9d590f9a9f853ddd457f7f4804f49564b65633f3f392acf,data/raw/usp000d8tf.mseed
waveform:usp000d8uu,FDSN IU.ANMO.00.BHZ 2004-11-20T22:02:16.140705Z..2004-11-20T22:32:16.140705Z,2026-08-01T18:50:24Z,61f0811e2b2d140c7a031924596b82e0d296d0f654f8834c87bdc081f19ca919,data/raw/usp000d8uu.mseed
waveform:usp000dwju,FDSN IU.ANMO.00.BHZ 2005-08-03T11:04:26.612135Z..2005-08-03T11:34:26.612135Z,2026-08-01T18:50:25Z,2198bff61f539ac9d207be602f904fb7e5a1c5b79f4b4f2d8fb76aa2026982cc,data/raw/usp000dwju.mseed
waveform:usp000gp1c,FDSN IU.ANMO.00.BHZ 2008-11-19T06:13:03.933124Z..2008-11-19T06:43:03.933124Z,2026-08-01T18:50:27Z,0614de75636286b34680c290e5440723160a9a067782fa38a60b5aee08cb03e8,data/raw/usp000gp1c.mseed
waveform:us7000fskw,FDSN IU.ANMO.00.BHZ 2021-11-09T06:26:20.800621Z..2021-11-09T06:56:20.800621Z,2026-08-01T18:50:29Z,eb8be51570b71dcdbccbbc034c584dc80401d25f1c0f49cdf0365d0f9251a6d2,data/raw/us7000fskw.mseed
waveform:usp000a9ts,FDSN IU.ANMO.00.BHZ 2001-02-17T20:12:08.820304Z..2001-02-17T20:42:08.820304Z,2026-08-01T18:50:31Z,a9d9340fe6d45de494d80a703a2589b2563dc71365848b01b4fc4d8ff13265a9,data/raw/usp000a9ts.mseed
