realization,seed,permutation,argmax_time_s,argmax_slowness_sdeg,argmax_power,argmax_support,argmax_status,target_box_max_power,target_box_time_s,target_box_slowness_sdeg,target_box_support,target_box_status
0,,"[0,1,2,3,4,5,6,7,8,9,10,11,12,13,14,15,16,17,18,19,20,21,22]",663.79999999999995,-3.6363636363636367,0.93266031625349088,23,ok,0.7736156900239739,601.95000000000005,-6.6666666666666661,23,ok
1,20260802,"[11,1,12,8,10,15,3,20,14,4,22,0,19,18,13,17,16,7,5,2,21,9,6]",664.39999999999998,-0.50505050505050519,0.94175861894349744,23,ok,0.70964610381437598,608.70000000000005,-5.9595959595959593,23,ok
2,20260803,"[13,3,14,20,0,18,1,4,16,8,9,2,22,6,19,11,17,12,21,5,10,7,15]",640.25,-4.4444444444444446,1.0365369430835218,23,ok,0.76641913923617122,610.54999999999995,-7.0707070707070709,23,ok
3,20260804,"[15,17,0,21,11,19,5,12,20,9,1,13,6,2,4,7,18,8,22,3,14,16,10]",665.10000000000002,-9.5959595959595951,1.0158886199287205,23,ok,0.75797890061613793,624,-5.9595959595959593,23,ok
4,20260805,"[13,12,16,15,21,18,14,2,0,4,3,22,11,20,6,5,7,8,1,10,19,9,17]",617.29999999999995,-7.9797979797979792,0.99735827445710357,23,ok,0.97845163965938353,616.29999999999995,-6.1616161616161618,23,ok
5,20260806,"[0,3,22,20,21,9,16,6,17,12,18,15,5,19,13,14,7,2,11,4,8,1,10]",617.85000000000002,-10,0.97034237291950365,23,ok,0.88031264914384499,609.39999999999998,-6.7676767676767682,23,ok
6,20260807,"[5,20,16,18,14,17,2,10,21,1,11,19,4,7,12,3,0,6,9,15,13,8,22]",609.89999999999998,-2.4242424242424248,0.97794394725774048,23,ok,0.74520926346081029,611.20000000000005,-5.9595959595959593,23,ok
7,20260808,"[6,9,17,5,20,8,16,15,4,19,21,3,13,10,7,12,1,11,22,2,0,18,14]",665.14999999999998,-0.50505050505050519,0.99782883970983904,23,ok,0.69855840493277566,603.20000000000005,-5.9595959595959593,23,ok
8,20260809,"[22,13,21,0,5,19,4,7,3,6,8,20,15,2,10,16,11,17,12,14,9,1,18]",622.54999999999995,-8.9898989898989896,1.1253513896535694,23,ok,0.88357741388736777,622.95000000000005,-6.7676767676767682,23,ok
9,20260810,"[13,8,6,9,5,19,17,4,14,10,7,22,18,16,2,11,12,21,0,20,3,1,15]",665.10000000000002,-1.4141414141414135,1.0006141189942332,23,ok,0.83398299571495704,624,-5.9595959595959593,23,ok
10,20260811,"[16,11,9,5,22,19,7,12,21,14,20,10,1,17,8,15,4,3,18,2,6,0,13]",643.70000000000005,-9.6969696969696972,1.0737200008635333,23,ok,0.74091549754913921,624,-5.9595959595959593,23,ok
11,20260812,"[20,4,8,14,16,0,12,9,2,7,6,10,15,11,22,3,18,5,1,21,19,13,17]",637.70000000000005,-3.5353535353535355,1.0431276336108812,23,ok,0.85272218635490982,584,-7.0707070707070709,23,ok
12,20260813,"[18,14,3,0,1,13,7,12,8,9,15,20,5,17,16,6,21,2,22,10,11,19,4]",660.75,-4.4444444444444446,0.94162362382321863,23,ok,0.84851576377579696,589.5,-7.0707070707070709,23,ok
13,20260814,"[2,6,11,20,19,3,16,7,21,12,9,4,15,18,22,14,0,13,5,17,1,10,8]",608.25,-0.80808080808080796,0.99034768071877632,23,ok,0.61887465845139411,609.20000000000005,-7.0707070707070709,23,ok
14,20260815,"[12,10,9,17,18,5,15,6,1,14,8,4,0,13,2,19,3,7,21,22,16,20,11]",580.5,-7.3737373737373737,0.97785657099251322,23,ok,0.79713252869232087,584,-7.0707070707070709,23,ok
15,20260816,"[21,5,22,11,1,16,12,6,7,0,17,2,4,10,3,13,15,14,8,9,20,19,18]",614.25,-10,0.94531710658137469,23,ok,0.81953443361572809,613.14999999999998,-6.9696969696969697,23,ok
16,20260817,"[0,20,2,14,4,3,1,17,15,22,16,18,19,5,21,9,11,10,13,12,8,6,7]",664.25,-0.30303030303030276,0.93286178761139438,23,ok,0.91580380618925117,594.45000000000005,-7.0707070707070709,23,ok
17,20260818,"[8,9,10,18,7,20,21,3,22,0,16,6,12,19,17,13,2,14,15,5,1,4,11]",664.75,-1.9191919191919187,0.95808679088454218,23,ok,0.72470709595540439,606.5,-6.262626262626263,23,ok
18,20260819,"[4,6,18,17,21,15,22,3,14,16,20,8,1,13,7,19,9,0,11,12,2,10,5]",665.35000000000002,-0.60606060606060552,1.0019622744690344,23,ok,0.8920377571887147,605.95000000000005,-7.0707070707070709,23,ok
19,20260820,"[22,6,16,3,4,12,15,8,9,14,18,20,2,19,1,17,13,0,10,7,5,11,21]",664.14999999999998,-0.20202020202020243,0.92158670520863473,23,ok,0.81117986709667456,611,-5.9595959595959593,23,ok
20,20260821,"[3,20,16,12,18,22,5,14,11,7,17,8,10,0,1,2,4,21,9,6,13,15,19]",613.75,-6.5656565656565657,1.0506154159310472,23,ok,1.0506154159310472,613.75,-6.5656565656565657,23,ok
21,20260822,"[17,0,8,22,4,16,6,21,5,13,11,20,10,15,1,2,12,3,18,19,7,9,14]",663.54999999999995,0,0.91924491146508891,23,ok,0.67273456072302174,593.54999999999995,-5.9595959595959593,23,ok
22,20260823,"[7,6,3,5,11,4,15,1,20,13,18,10,19,8,0,9,17,14,12,16,21,22,2]",675.10000000000002,-9.8989898989898997,1.0224595022065055,23,ok,0.64270731211637688,605.25,-7.0707070707070709,23,ok
23,20260824,"[13,18,14,11,7,16,12,15,8,22,1,5,3,10,17,4,0,2,21,9,19,6,20]",653.10000000000002,-6.8686868686868685,1.2549227035959896,23,ok,0.73088998329062871,613.79999999999995,-5.9595959595959593,23,ok
24,20260825,"[3,15,8,14,21,1,18,4,17,12,10,5,19,16,0,7,9,6,20,11,22,2,13]",663.54999999999995,0,0.91924491146508891,23,ok,0.61053488695916491,591.60000000000002,-5.9595959595959593,23,ok
25,20260826,"[9,4,19,21,15,16,14,3,20,11,17,18,1,6,7,22,0,12,8,2,10,5,13]",572.64999999999998,-10,1.1371203660815545,23,ok,0.65389356134483057,599.60000000000002,-7.0707070707070709,23,ok
26,20260827,"[16,6,7,8,22,5,2,4,11,14,18,21,13,9,0,3,19,1,12,20,17,10,15]",581.64999999999998,-9.5959595959595951,1.0165839694941357,23,ok,0.9991048903990416,612.95000000000005,-6.5656565656565657,23,ok
27,20260828,"[0,19,20,12,9,11,4,22,16,13,21,1,6,17,18,5,14,8,7,10,15,2,3]",617.5,-10,1.0116585996890997,23,ok,0.67019668924210252,606.25,-6.3636363636363633,23,ok
28,20260829,"[19,21,9,14,10,17,16,8,15,4,20,7,22,3,12,5,13,11,18,2,0,6,1]",665.25,-0.50505050505050519,1.0083311128549051,23,ok,0.60097563129415166,620.79999999999995,-5.9595959595959593,23,ok
29,20260830,"[10,13,0,7,4,18,12,3,19,15,16,22,1,6,17,11,21,2,20,14,9,5,8]",576.89999999999998,-6.4646464646464645,0.96235876205311222,23,ok,0.68707369931094087,584,-7.0707070707070709,23,ok
30,20260831,"[22,16,13,1,19,6,5,21,14,8,18,9,11,10,17,7,20,2,15,4,3,0,12]",668.25,-6.0606060606060606,1.0814730532298107,23,ok,0.64643443812626011,620.35000000000002,-6.6666666666666661,23,ok
31,20260832,"[21,11,12,1,16,8,13,15,2,0,7,18,10,17,6,19,14,4,20,3,22,5,9]",663.54999999999995,0,0.91924491146508891,23,ok,0.61578716992706495,624,-5.9595959595959593,23,ok
32,20260833,"[12,14,2,21,16,8,6,19,1,0,17,4,11,22,9,10,15,3,18,13,20,7,5]",663.54999999999995,0,0.91924491146508891,23,ok,0.87415553153544634,622.35000000000002,-5.9595959595959593,23,ok
33,20260834,"[2,1,7,3,8,11,19,18,14,6,15,4,16,17,0,21,10,13,20,12,22,5,9]",633.04999999999995,-5.454545454545455,1.0362815682298514,23,ok,0.56055396909192967,584.95000000000005,-7.0707070707070709,23,ok
34,20260835,"[11,2,13,16,9,4,3,22,12,14,15,21,17,5,19,8,0,20,7,6,10,18,1]",665.14999999999998,-1.8181818181818183,1.0422538040039979,23,ok,0.80395311540086667,612.85000000000002,-7.0707070707070709,23,ok
35,20260836,"[16,22,0,19,7,13,2,17,1,10,6,15,12,9,11,18,5,21,20,8,3,14,4]",666.5,-5.2525252525252526,1.1934765968822079,23,ok,0.67932239120834748,619.25,-7.0707070707070709,23,ok
36,20260837,"[0,14,10,5,16,21,22,6,9,2,19,3,13,4,20,8,12,17,11,15,1,18,7]",670.45000000000005,-6.9696969696969697,1.2508636129219342,23,ok,0.91547526635834209,597.60000000000002,-6.5656565656565657,23,ok
37,20260838,"[18,1,10,0,19,11,4,8,2,13,14,15,12,6,20,7,3,17,5,22,9,16,21]",594.64999999999998,-8.4848484848484844,1.2723248984953925,23,ok,1.0761641797674464,592.75,-7.0707070707070709,23,ok
38,20260839,"[9,8,18,21,16,11,6,2,5,3,10,17,12,0,14,4,22,19,13,7,1,15,20]",612.04999999999995,-4.4444444444444446,1.2013848248024639,23,ok,0.93457508258448618,615.79999999999995,-5.9595959595959593,23,ok
39,20260840,"[20,18,7,2,4,12,16,17,9,13,11,5,19,21,1,0,6,14,15,3,22,10,8]",663.54999999999995,0,0.91924491146508891,23,ok,0.57252829935405158,584,-7.0707070707070709,23,ok
40,20260841,"[0,4,5,8,19,15,22,20,7,21,9,11,6,10,3,12,18,13,2,16,17,14,1]",662,-5.3535353535353538,0.97842257996375193,23,ok,0.87987076573052625,591.35000000000002,-7.0707070707070709,23,ok
41,20260842,"[5,21,6,14,9,4,18,22,8,11,10,12,13,15,2,20,17,3,7,0,16,19,1]",664.95000000000005,-0.40404040404040487,0.94467681089025768,23,ok,0.60219480566136263,611.45000000000005,-7.0707070707070709,23,ok
42,20260843,"[12,4,7,18,11,3,8,16,17,6,1,0,19,21,15,10,13,2,20,5,14,22,9]",665.10000000000002,-0.30303030303030276,0.93801409078821096,23,ok,0.65289350270167701,608.60000000000002,-5.9595959595959593,23,ok
43,20260844,"[9,19,7,21,0,17,13,3,8,4,2,10,6,5,16,22,11,14,15,20,12,18,1]",613.39999999999998,-7.9797979797979792,1.1703912908339986,23,ok,1.0539275075547749,612.45000000000005,-7.0707070707070709,23,ok
44,20260845,"[20,11,4,13,6,14,15,17,7,18,9,12,1,16,8,0,5,3,19,22,2,21,10]",582.64999999999998,-3.9393939393939394,0.94798988926302852,23,ok,0.89264570678700028,584,-6.1616161616161618,23,ok
45,20260846,"[18,12,17,1,14,10,4,11,2,0,7,19,15,6,16,8,22,21,3,9,13,5,20]",663.54999999999995,0,0.91924491146508891,23,ok,0.76421270525351315,592,-6.9696969696969697,23,ok
46,20260847,"[13,19,7,14,21,3,5,6,2,12,15,1,17,10,4,16,9,11,20,22,8,0,18]",620.95000000000005,-8.2828282828282838,0.98314262617773562,23,ok,0.79968024682042171,619.89999999999998,-7.0707070707070709,23,ok
47,20260848,"[20,22,12,10,16,3,21,0,18,1,15,6,2,11,17,13,8,4,9,19,7,14,5]",673.79999999999995,-7.9797979797979792,0.94923672285199234,23,ok,0.60981210443125322,590.10000000000002,-7.0707070707070709,23,ok
48,20260849,"[17,0,21,20,19,5,9,14,16,10,3,7,8,12,2,1,4,13,6,11,18,22,15]",608.70000000000005,-0.60606060606060552,0.9422917713277642,23,ok,0.84129544873289541,615.29999999999995,-5.9595959595959593,23,ok
49,20260850,"[3,9,8,13,18,11,19,22,5,6,1,21,7,15,10,12,4,0,2,16,20,14,17]",663.75,-2.3232323232323235,0.95043066502596996,23,ok,0.65055103317518237,589.10000000000002,-7.0707070707070709,23,ok
50,20260851,"[21,16,9,17,8,18,12,4,3,22,1,14,10,11,2,15,19,5,7,20,13,6,0]",639.39999999999998,-7.6767676767676765,0.94320978465803673,23,ok,0.8170081166855151,612.35000000000002,-5.9595959595959593,23,ok
51,20260852,"[16,20,12,21,3,2,1,22,19,15,14,6,18,13,4,17,8,11,5,0,9,7,10]",640.20000000000005,-7.2727272727272734,1.0167215403712975,23,ok,0.73564960651958167,594,-7.0707070707070709,23,ok
52,20260853,"[10,3,1,0,14,4,21,8,18,7,6,12,5,17,16,2,11,19,13,15,22,9,20]",663.54999999999995,0,0.91924491146508891,23,ok,0.82508630828499263,619.95000000000005,-5.9595959595959593,23,ok
53,20260854,"[12,0,4,15,14,11,3,10,2,9,6,16,18,13,1,22,8,21,5,19,20,7,17]",587,-10,0.98423212709819718,23,ok,0.8685991153280036,590.35000000000002,-7.0707070707070709,23,ok
54,20260855,"[12,13,21,15,10,16,0,9,17,8,20,1,19,3,5,4,14,18,11,6,2,22,7]",665.54999999999995,-0.60606060606060552,1.0756527407045302,23,ok,0.73067998502587217,607.79999999999995,-5.9595959595959593,23,ok
55,20260856,"[2,4,7,8,21,5,10,22,9,14,6,15,11,19,1,0,17,16,13,20,3,12,18]",607.75,-6.4646464646464645,1.0466173242835017,23,ok,1.0466173242835017,607.75,-6.4646464646464645,23,ok
56,20260857,"[19,13,8,22,1,12,18,0,15,10,17,16,4,20,9,7,2,6,14,3,21,11,5]",660,-8.1818181818181817,0.99632276009329879,23,ok,0.74234862474707297,606.70000000000005,-6.1616161616161618,23,ok
57,20260858,"[18,7,8,13,6,5,12,16,3,20,15,17,21,10,22,1,4,14,19,11,9,2,0]",663.75,-0.10101010101010033,0.92143491202146477,23,ok,0.81490872592881169,611.95000000000005,-7.0707070707070709,23,ok
58,20260859,"[10,0,15,21,1,6,4,11,5,3,19,2,14,13,16,22,17,9,12,18,20,7,8]",663.54999999999995,0,0.91924491146508891,23,ok,0.68005790404306787,612.10000000000002,-7.0707070707070709,23,ok
59,20260860,"[17,14,15,6,21,7,13,12,22,3,9,18,5,19,2,16,10,11,8,1,20,4,0]",663.85000000000002,-2.0202020202020208,0.97439454753916255,23,ok,0.84720658535709858,611.14999999999998,-7.0707070707070709,23,ok
60,20260861,"[20,2,9,1,12,21,22,4,18,17,8,14,13,7,11,15,0,16,19,6,3,5,10]",669.29999999999995,-6.7676767676767682,0.99614227173416292,23,ok,0.79214676224433234,609.70000000000005,-7.0707070707070709,23,ok
61,20260862,"[18,9,8,3,16,17,4,0,15,11,13,21,2,14,1,6,5,12,10,20,22,7,19]",598.45000000000005,-9.0909090909090917,0.99905061520650262,23,ok,0.6648682110004952,596.89999999999998,-5.9595959595959593,23,ok
62,20260863,"[9,3,4,22,20,13,7,12,18,21,19,10,16,2,0,8,6,1,15,17,5,11,14]",607.95000000000005,-0.70707070707070763,0.96015101201030195,23,ok,0.7670536360942346,624,-7.0707070707070709,23,ok
63,20260864,"[6,0,16,1,2,19,21,18,11,4,8,7,20,9,13,12,17,3,5,15,22,10,14]",637.64999999999998,-4.8484848484848486,1.0001782746187049,23,ok,0.78581959001344848,595.64999999999998,-5.9595959595959593,23,ok
64,20260865,"[15,6,0,22,18,1,10,7,5,19,11,8,14,13,12,3,9,20,2,17,4,21,16]",584.45000000000005,-4.0404040404040407,1.1096161295224412,23,ok,0.91504656335837409,608.64999999999998,-6.6666666666666661,23,ok
65,20260866,"[8,5,12,3,4,21,15,7,0,2,14,6,22,11,17,19,1,16,10,9,18,13,20]",649.70000000000005,-9.4949494949494948,1.0504865464752706,23,ok,0.73298048025270879,615.54999999999995,-5.9595959595959593,23,ok
66,20260867,"[5,12,0,6,18,1,4,8,19,13,22,10,7,11,20,3,21,9,17,2,15,16,14]",605.35000000000002,-10,0.9418379564258399,23,ok,0.7425440423582963,609.14999999999998,-5.9595959595959593,23,ok
67,20260868,"[11,5,22,19,17,10,2,18,4,14,15,9,12,3,21,8,1,0,20,6,7,13,16]",609.29999999999995,-2.0202020202020208,0.951264057502343,23,ok,0.64733941650389093,613.89999999999998,-6.9696969696969697,23,ok
68,20260869,"[21,2,12,4,9,20,22,11,6,14,5,15,7,0,10,1,19,13,16,18,17,3,8]",550,-10,0.94481936711694825,23,ok,0.62886086476908798,584,-5.9595959595959593,23,ok
69,20260870,"[20,21,7,8,16,14,10,17,2,1,5,0,3,9,22,13,4,19,18,12,15,6,11]",663.85000000000002,-6.0606060606060606,1.0761845088892357,23,ok,0.6449066853051818,592.29999999999995,-5.9595959595959593,23,ok
70,20260871,"[13,15,6,20,3,0,7,5,19,2,4,18,22,16,21,14,12,11,17,10,1,8,9]",639.5,-8.3838383838383841,0.94750904016629023,23,ok,0.80081465936503937,624,-6.262626262626263,23,ok
71,20260872,"[2,13,12,22,18,6,19,16,17,15,4,11,9,0,7,14,5,3,21,1,10,8,20]",641.29999999999995,-8.3838383838383841,0.97738952680704916,23,ok,0.68585525682843851,599.64999999999998,-5.9595959595959593,23,ok
72,20260873,"[5,0,9,6,15,2,12,1,18,13,19,4,20,22,10,14,16,11,8,21,3,7,17]",636.39999999999998,-3.333333333333333,1.0899426855592784,23,ok,0.71977106046999506,607.95000000000005,-5.9595959595959593,23,ok
73,20260874,"[12,4,14,2,21,22,1,13,3,0,8,16,5,7,10,11,17,20,6,18,9,15,19]",663.54999999999995,0,0.91924491146508891,23,ok,0.81421237278259551,608.75,-6.8686868686868685,23,ok
74,20260875,"[0,6,22,2,4,11,3,5,1,17,12,19,16,15,10,14,8,20,13,7,18,9,21]",663.64999999999998,-0.10101010101010033,0.92162560201179489,23,ok,0.65194731863102462,603.45000000000005,-5.9595959595959593,23,ok
75,20260876,"[22,19,1,14,5,7,9,2,20,13,18,3,16,8,0,11,12,21,17,15,6,10,4]",667.14999999999998,-2.8282828282828287,1.0350668674224623,23,ok,0.80940801632310877,624,-7.0707070707070709,23,ok
76,20260877,"[10,15,6,21,11,12,22,4,3,0,19,18,13,16,5,14,1,8,20,9,2,7,17]",663.89999999999998,-0.10101010101010033,0.92212763043277834,23,ok,0.8305587256142194,607.64999999999998,-5.9595959595959593,23,ok
77,20260878,"[10,18,19,15,9,13,5,2,22,3,21,16,17,11,4,7,0,20,12,6,8,1,14]",611.70000000000005,-3.5353535353535355,1.0961173492985257,23,ok,0.77708698409969057,614.10000000000002,-7.0707070707070709,23,ok
78,20260879,"[2,21,1,8,15,7,16,22,9,10,6,18,11,12,13,3,4,19,14,17,0,5,20]",663.10000000000002,-4.9494949494949498,0.9841198131983443,23,ok,0.7205091661685783,611.79999999999995,-6.8686868686868685,23,ok
79,20260880,"[15,2,9,1,20,16,5,0,14,4,12,19,22,3,10,21,17,7,18,13,8,11,6]",562.04999999999995,-10,1.0011611134336666,23,ok,0.66043482117545194,593.75,-6.9696969696969697,23,ok
80,20260881,"[7,3,16,11,10,22,15,12,4,14,19,1,2,6,17,13,18,8,21,5,9,20,0]",610.54999999999995,-5.454545454545455,1.0740785520965055,23,ok,0.99788603926915787,611.60000000000002,-5.9595959595959593,23,ok
81,20260882,"[12,21,20,6,0,13,18,11,22,17,14,19,1,16,2,3,10,7,15,8,4,9,5]",649.35000000000002,-7.5757575757575761,0.98313823871110417,23,ok,0.72398294680707598,584,-7.0707070707070709,23,ok
82,20260883,"[20,5,3,1,19,8,2,11,13,0,17,9,22,12,16,4,18,14,15,6,7,10,21]",656.5,-8.7878787878787872,1.0428316667377251,23,ok,0.78057450368922132,589,-7.0707070707070709,23,ok
83,20260884,"[9,0,10,17,1,16,2,12,14,11,22,13,20,6,4,5,15,21,7,3,18,8,19]",664.10000000000002,-0.30303030303030276,0.93755414914865909,23,ok,0.78589282737754951,609.85000000000002,-5.9595959595959593,23,ok
84,20260885,"[12,4,13,0,6,9,7,10,8,18,15,16,3,2,1,17,20,14,19,11,21,22,5]",655.89999999999998,-10,1.3326855577951884,23,ok,0.67741418810586407,592.20000000000005,-6.3636363636363633,23,ok
85,20260886,"[19,4,18,8,15,22,13,1,20,2,21,5,10,6,9,7,11,17,14,3,0,16,12]",665.25,-0.90909090909091006,1.054068390091649,23,ok,0.63729611627812544,612.20000000000005,-5.9595959595959593,23,ok
86,20260887,"[6,2,0,11,8,12,5,13,22,10,20,17,9,4,7,16,21,15,19,14,1,18,3]",665.95000000000005,-5.7575757575757578,1.1270392076476974,23,ok,0.79126355298442796,606.64999999999998,-6.5656565656565657,23,ok
87,20260888,"[2,19,15,16,9,20,7,13,18,5,21,10,8,0,3,11,4,22,17,6,12,14,1]",661.70000000000005,-10,1.2161524728011752,23,ok,0.83421359452242749,616.10000000000002,-5.9595959595959593,23,ok
88,20260889,"[7,4,16,17,14,13,8,19,11,1,2,0,12,3,21,5,18,6,20,10,9,15,22]",655.64999999999998,-7.5757575757575761,0.95061994777695646,23,ok,0.84033374723124887,613.95000000000005,-7.0707070707070709,23,ok
89,20260890,"[5,13,21,16,0,22,18,10,4,3,8,17,12,1,11,15,19,7,20,9,14,6,2]",663.54999999999995,0,0.91924491146508891,23,ok,0.62703332948114743,618.70000000000005,-6.1616161616161618,23,ok
90,20260891,"[0,21,3,15,20,10,19,1,8,14,11,16,22,4,6,12,2,5,7,18,17,9,13]",595.25,-10,1.0265986339606501,23,ok,0.89779195575687243,593.39999999999998,-6.9696969696969697,23,ok
91,20260892,"[17,5,9,22,16,0,4,6,10,18,12,1,15,8,20,13,21,11,14,7,19,3,2]",663.54999999999995,0,0.91924491146508891,23,ok,0.80481258693687563,619.39999999999998,-7.0707070707070709,23,ok
92,20260893,"[0,18,5,17,7,3,12,11,14,9,21,20,10,6,15,22,2,16,13,8,19,4,1]",663.64999999999998,-4.3434343434343434,0.99072975271486374,23,ok,0.77700789305326634,610.5,-7.0707070707070709,23,ok
93,20260894,"[18,17,2,20,21,3,0,6,19,5,14,12,10,8,22,1,15,4,16,9,7,11,13]",609.25,-0.90909090909091006,1.0139528270773579,23,ok,0.79352729453045889,584,-6.7676767676767682,23,ok
94,20260895,"[18,14,10,2,16,22,8,0,15,21,3,6,1,9,11,5,13,4,19,12,7,20,17]",654.14999999999998,-7.8787878787878789,0.93073390575433912,23,ok,0.69660530339537219,590.79999999999995,-7.0707070707070709,23,ok
95,20260896,"[8,18,22,3,0,10,2,4,9,13,16,19,6,17,11,20,15,5,12,7,1,14,21]",665.35000000000002,-0.60606060606060552,1.0117087735793644,23,ok,0.57232102376214689,613.45000000000005,-6.9696969696969697,23,ok
96,20260897,"[22,9,16,17,12,14,4,13,15,5,7,18,1,19,8,6,3,2,0,10,21,20,11]",616.45000000000005,-8.7878787878787872,0.9402812825473037,23,ok,0.74879306489825426,614.04999999999995,-7.0707070707070709,23,ok
97,20260898,"[11,1,18,15,10,9,7,3,21,16,2,4,17,12,5,19,13,14,20,8,22,6,0]",612.75,-3.6363636363636367,0.9670815559765793,23,ok,0.56705830519460343,616.10000000000002,-5.9595959595959593,23,ok
98,20260899,"[13,14,6,17,12,16,2,10,9,21,4,20,0,7,15,19,5,1,18,11,3,8,22]",643.25,-8.8888888888888893,1.180196533804275,23,ok,0.76452135374643526,584,-7.0707070707070709,23,ok
99,20260900,"[3,9,18,17,8,1,21,22,5,2,6,0,11,4,16,15,19,7,13,12,14,20,10]",663.54999999999995,0,0.91924491146508891,23,ok,0.75352835027073273,605.85000000000002,-6.8686868686868685,23,ok
100,20260901,"[2,5,14,4,20,7,3,22,9,6,1,17,21,15,19,13,8,11,10,0,12,18,16]",598.85000000000002,-5.7575757575757578,0.96994599305693119,23,ok,0.96453222769707958,599.39999999999998,-5.9595959595959593,23,ok
101,20260902,"[22,21,17,18,7,14,3,6,19,16,5,8,1,2,0,12,13,10,20,15,9,11,4]",663.54999999999995,0,0.91924491146508891,23,ok,0.67595245997907072,584,-6.8686868686868685,23,ok
102,20260903,"[22,6,5,3,16,8,4,9,18,10,2,12,1,20,11,21,7,13,0,19,17,15,14]",663.54999999999995,0,0.91924491146508891,23,ok,0.55910085658352993,584,-7.0707070707070709,23,ok
103,20260904,"[18,8,11,22,1,15,2,3,14,10,9,12,6,5,19,21,20,13,0,17,7,16,4]",572.70000000000005,-10,0.94373512584306218,23,ok,0.61081719834816572,593.20000000000005,-7.0707070707070709,23,ok
104,20260905,"[22,4,12,19,7,14,1,5,11,18,10,21,8,0,9,13,3,16,17,20,6,15,2]",663.54999999999995,0,0.91924491146508891,23,ok,0.65616923169322083,611.64999999999998,-5.9595959595959593,23,ok
105,20260906,"[13,5,9,2,14,11,0,7,12,15,3,21,18,19,10,6,1,16,22,4,17,8,20]",663.54999999999995,0,0.91924491146508891,23,ok,0.60538117347807452,608.95000000000005,-6.0606060606060606,23,ok
106,20260907,"[6,21,7,16,1,22,20,2,0,5,14,9,4,8,19,11,15,10,13,18,3,12,17]",639.29999999999995,-5.3535353535353538,1.0829977125629968,23,ok,0.78890468529165236,597.75,-7.0707070707070709,23,ok
107,20260908,"[22,11,17,21,5,19,3,13,7,18,16,12,15,10,1,9,14,8,2,6,4,0,20]",663.54999999999995,0,0.91924491146508891,23,ok,0.84489768118680486,591.95000000000005,-5.9595959595959593,23,ok
108,20260909,"[20,8,9,6,13,0,7,10,21,19,12,11,3,5,14,22,16,1,17,4,15,2,18]",657.70000000000005,-6.5656565656565657,1.0863060108339844,23,ok,0.64658206534171614,608,-7.0707070707070709,23,ok
109,20260910,"[12,9,3,17,10,8,19,1,21,18,5,22,15,14,11,16,4,0,6,13,7,2,20]",621.54999999999995,-9.4949494949494948,0.98236299465810628,23,ok,0.76872866692222241,613.29999999999995,-7.0707070707070709,23,ok
110,20260911,"[22,7,9,19,1,21,15,6,18,8,11,17,14,5,16,3,10,20,12,13,0,4,2]",620.10000000000002,-8.3838383838383841,1.0836543170271746,23,ok,1.0764746107453875,619.25,-6.262626262626263,23,ok
111,20260912,"[0,1,6,4,16,8,20,11,21,5,14,18,3,2,19,22,9,12,13,10,15,7,17]",642.10000000000002,-5.0505050505050502,1.0073052511762342,23,ok,0.72322716338641535,599.54999999999995,-6.4646464646464645,23,ok
112,20260913,"[10,4,12,7,14,0,3,5,8,1,13,18,19,2,11,9,15,20,6,16,21,17,22]",663.54999999999995,0,0.91924491146508891,23,ok,0.85818169103081432,594.14999999999998,-5.9595959595959593,23,ok
113,20260914,"[18,7,22,16,6,14,2,0,12,17,13,9,20,5,4,10,1,3,15,19,8,21,11]",665.35000000000002,-0.50505050505050519,0.9923591955804032,23,ok,0.67809915255013276,599.70000000000005,-5.9595959595959593,23,ok
114,20260915,"[21,15,9,20,3,10,4,5,6,12,13,14,16,1,22,0,11,7,17,19,2,18,8]",639.5,-8.9898989898989896,0.95934733105071301,23,ok,0.76929464859022056,584,-5.9595959595959593,23,ok
115,20260916,"[18,13,14,8,19,12,21,6,17,15,20,16,3,5,11,1,4,9,10,2,22,0,7]",663.54999999999995,0,0.91924491146508891,23,ok,0.81376449811223284,608.45000000000005,-7.0707070707070709,23,ok
116,20260917,"[10,4,16,6,1,19,3,9,15,5,11,8,13,2,14,18,20,12,0,22,21,17,7]",657,-5.3535353535353538,0.93762851274637904,23,ok,0.6536743235725383,614.39999999999998,-7.0707070707070709,23,ok
117,20260918,"[5,22,12,11,7,4,8,9,14,19,20,2,15,16,18,10,1,6,21,17,3,0,13]",663.85000000000002,-0.10101010101010033,0.92502389512481098,23,ok,0.64908628781179811,624,-6.6666666666666661,23,ok
118,20260919,"[10,17,4,19,2,8,21,5,22,1,16,15,11,6,7,9,0,18,20,12,3,13,14]",666.29999999999995,-5.1515151515151514,0.9489549936067514,23,ok,0.59639313396894689,591.29999999999995,-6.9696969696969697,23,ok
119,20260920,"[13,2,11,7,12,14,15,6,17,16,3,1,18,8,10,0,22,21,20,19,4,5,9]",607.79999999999995,-2.6262626262626263,0.92735965083487881,23,ok,0.67722815447907925,608.79999999999995,-5.9595959595959593,23,ok
120,20260921,"[12,22,20,4,5,10,1,8,19,17,9,7,21,14,13,2,3,6,15,11,16,18,0]",658.25,-4.9494949494949498,0.99643162370477045,23,ok,0.79421197910619112,611.20000000000005,-6.7676767676767682,23,ok
121,20260922,"[2,20,21,3,12,0,6,15,18,14,22,4,9,8,13,1,10,11,17,16,19,7,5]",670.95000000000005,-9.2929292929292924,1.0421156693600067,23,ok,0.58148203434460388,609.39999999999998,-5.9595959595959593,23,ok
122,20260923,"[5,3,10,16,2,1,15,0,11,12,14,13,21,4,6,18,17,19,9,8,7,22,20]",571.29999999999995,-8.6868686868686869,1.051511910159536,23,ok,0.72816193997985679,610.35000000000002,-5.9595959595959593,23,ok
123,20260924,"[5,16,2,1,12,3,9,17,13,7,14,21,11,6,10,22,18,4,19,20,15,8,0]",670.60000000000002,-8.0808080808080813,1.1994242368149104,23,ok,0.58169636851909068,610.60000000000002,-6.8686868686868685,23,ok
124,20260925,"[15,2,19,13,3,21,22,7,14,20,10,12,5,6,17,16,11,18,0,4,9,1,8]",663.60000000000002,-0.10101010101010033,0.92209240545228266,23,ok,0.83385301915509424,613.89999999999998,-7.0707070707070709,23,ok
125,20260926,"[18,21,11,22,7,20,15,17,4,5,12,13,9,2,14,16,8,1,10,0,19,3,6]",630.89999999999998,-4.3434343434343434,1.238399320617215,23,ok,0.67770833657478147,600.70000000000005,-5.9595959595959593,23,ok
126,20260927,"[8,22,9,17,7,10,11,1,6,0,12,4,19,14,15,16,5,21,3,20,18,2,13]",630.60000000000002,-6.0606060606060606,0.93912735721832152,23,ok,0.69204407717370209,606.89999999999998,-5.9595959595959593,23,ok
127,20260928,"[2,16,21,19,12,17,9,0,22,3,1,7,4,11,14,15,18,6,8,20,5,10,13]",635.85000000000002,-4.8484848484848486,1.0279905586876996,23,ok,0.90825832453020439,608.5,-6.1616161616161618,23,ok
128,20260929,"[4,18,7,16,20,1,14,13,8,5,12,3,2,22,17,19,21,10,11,9,15,0,6]",624.14999999999998,-5.6565656565656566,0.948461098995804,23,ok,0.92228756980488236,624,-5.9595959595959593,23,ok
129,20260930,"[7,19,17,12,6,20,1,10,9,21,0,16,2,22,8,13,18,3,14,4,11,5,15]",663.95000000000005,-0.10101010101010033,0.92046577806464647,23,ok,0.78638446658607664,609.14999999999998,-5.9595959595959593,23,ok
130,20260931,"[17,19,8,6,15,18,20,13,9,16,1,14,3,5,11,7,12,2,10,22,4,21,0]",663.54999999999995,0,0.91924491146508891,23,ok,0.80891880639206948,595,-7.0707070707070709,23,ok
131,20260932,"[5,3,17,14,20,18,9,6,12,7,2,16,0,21,8,4,11,22,1,13,15,19,10]",586.95000000000005,-5.5555555555555554,0.94856285933809026,23,ok,0.91991188822150161,588.04999999999995,-5.9595959595959593,23,ok
132,20260933,"[2,16,0,11,22,9,10,5,8,17,7,12,14,19,3,4,15,21,20,13,18,1,6]",619.39999999999998,-9.3939393939393945,1.0007642002737132,23,ok,0.93817175356114157,617.39999999999998,-7.0707070707070709,23,ok
133,20260934,"[19,8,4,21,9,15,12,16,5,2,17,3,14,18,10,13,6,20,11,1,22,7,0]",663.54999999999995,0,0.91924491146508891,23,ok,0.77551755489370111,610.45000000000005,-7.0707070707070709,23,ok
134,20260935,"[4,18,3,10,14,12,7,15,5,19,11,20,17,16,22,8,6,1,9,13,21,0,2]",620.35000000000002,-7.0707070707070709,1.0102509872794969,23,ok,1.0102509872794969,620.35000000000002,-7.0707070707070709,23,ok
135,20260936,"[18,19,7,12,2,6,0,8,20,22,13,1,11,15,5,10,21,14,16,17,3,9,4]",663.54999999999995,0,0.91924491146508891,23,ok,0.68796018843490325,624,-5.9595959595959593,23,ok
136,20260937,"[21,13,17,7,14,19,16,22,1,9,10,2,12,5,20,8,11,15,6,4,3,0,18]",668.5,-8.1818181818181817,1.088642874977362,23,ok,0.73493309127247608,618.79999999999995,-7.0707070707070709,23,ok
137,20260938,"[1,10,19,16,2,5,7,12,6,15,20,0,21,14,3,13,8,17,4,9,22,18,11]",594.64999999999998,-8.6868686868686869,1.1680394558990979,23,ok,0.85765447668872141,597.14999999999998,-5.9595959595959593,23,ok
138,20260939,"[11,17,18,5,3,8,16,19,7,22,0,12,20,9,2,21,10,15,6,13,4,14,1]",666,-0.70707070707070763,1.0588417599139515,23,ok,0.66839336255186976,617.39999999999998,-5.9595959595959593,23,ok
139,20260940,"[22,14,21,0,12,1,3,6,5,20,9,18,10,17,13,16,2,8,11,19,4,7,15]",637.10000000000002,-4.9494949494949498,1.0210662152211434,23,ok,0.71111656834111669,609.10000000000002,-7.0707070707070709,23,ok
140,20260941,"[1,8,20,10,0,15,3,11,2,17,16,21,18,13,19,9,14,12,22,5,4,7,6]",664.60000000000002,-0.40404040404040487,0.94000497364220326,23,ok,0.80884778535227608,585.04999999999995,-6.9696969696969697,23,ok
141,20260942,"[13,2,6,0,1,20,16,22,9,18,4,11,5,3,14,8,10,17,7,21,12,19,15]",593.54999999999995,-5.3535353535353538,0.96727769470735381,23,ok,0.92576592297797178,594.10000000000002,-6.9696969696969697,23,ok
142,20260943,"[11,5,10,16,14,3,7,12,0,18,20,9,21,13,22,1,15,17,8,19,4,6,2]",575.04999999999995,-9.7979797979797976,1.2563353940277149,23,ok,0.79853250823461031,615.75,-6.4646464646464645,23,ok
143,20260944,"[12,4,11,9,22,15,13,8,2,19,18,10,14,5,1,6,20,7,17,16,3,0,21]",664.39999999999998,-0.20202020202020243,0.92673702793431079,23,ok,0.81764336303585705,620.79999999999995,-7.0707070707070709,23,ok
144,20260945,"[11,1,3,17,0,20,12,9,15,2,5,10,18,19,13,22,16,6,8,7,4,21,14]",667.10000000000002,-0.90909090909091006,1.0712192537488339,23,ok,0.7821526070699043,610.95000000000005,-7.0707070707070709,23,ok
145,20260946,"[21,14,7,19,12,22,18,0,3,16,9,11,13,4,1,20,10,15,5,8,6,2,17]",664.64999999999998,-0.60606060606060552,0.93898958225664408,23,ok,0.73399405976404419,588.85000000000002,-7.0707070707070709,23,ok
146,20260947,"[17,5,16,18,9,3,12,7,10,15,14,1,0,22,6,2,11,8,4,19,20,21,13]",589.29999999999995,-10,0.94398065283916455,23,ok,0.93539509337385363,586.45000000000005,-6.5656565656565657,23,ok
147,20260948,"[8,20,1,17,10,7,18,11,2,3,19,0,15,21,6,12,9,4,13,16,5,22,14]",669.75,-3.5353535353535355,1.1414204085686916,23,ok,0.75277318491447898,624,-5.9595959595959593,23,ok
148,20260949,"[12,2,17,14,18,0,7,21,16,20,3,8,9,11,13,5,15,10,19,22,6,1,4]",620.75,-8.5858585858585865,1.0610055682712947,23,ok,0.80754165240878961,618.20000000000005,-7.0707070707070709,23,ok
149,20260950,"[18,4,8,20,9,14,3,17,5,2,19,7,10,0,21,6,12,1,16,11,13,22,15]",663.54999999999995,0,0.91924491146508891,23,ok,0.75576400559692014,594.95000000000005,-7.0707070707070709,23,ok
150,20260951,"[22,20,6,14,21,7,2,0,17,5,3,10,13,11,9,18,4,15,19,16,1,12,8]",663.54999999999995,0,0.91924491146508891,23,ok,0.60652515893283221,599.04999999999995,-6.1616161616161618,23,ok
151,20260952,"[15,0,4,18,11,6,9,22,16,13,21,17,20,10,19,1,2,8,5,7,3,14,12]",584.39999999999998,-4.2424242424242422,1.0480705190918049,23,ok,0.9165947399492772,608.39999999999998,-6.4646464646464645,23,ok
152,20260953,"[1,7,4,12,6,15,3,16,8,17,5,21,18,22,10,14,19,11,9,13,0,2,20]",664.35000000000002,-0.20202020202020243,0.92865259045153914,23,ok,0.61510619802040511,593.70000000000005,-7.0707070707070709,23,ok
153,20260954,"[21,11,1,8,6,12,20,9,14,3,0,10,7,16,4,5,2,13,22,19,15,17,18]",663.70000000000005,-7.0707070707070709,1.0922345808815346,23,ok,0.5769791156232007,587.54999999999995,-7.0707070707070709,23,ok
154,20260955,"[20,15,3,8,10,16,22,9,0,6,11,7,4,19,21,14,5,2,1,17,12,18,13]",663.54999999999995,0,0.91924491146508891,23,ok,0.8456640421614442,584.35000000000002,-6.3636363636363633,23,ok
155,20260956,"[12,11,7,2,22,8,13,0,5,21,15,16,10,18,3,17,6,9,4,19,20,14,1]",665.35000000000002,-3.4343434343434343,0.93250943210448223,23,ok,0.78054592664856881,614,-6.1616161616161618,23,ok
156,20260957,"[15,11,6,0,1,17,5,19,2,13,21,20,12,4,22,16,9,8,18,14,10,3,7]",630.64999999999998,-7.9797979797979792,1.0821350899371709,23,ok,0.93551636360505852,624,-5.9595959595959593,23,ok
157,20260958,"[9,22,3,19,4,21,6,2,16,20,15,17,11,0,13,1,5,8,12,7,18,14,10]",613.70000000000005,-6.7676767676767682,0.9792383399187452,23,ok,0.9792383399187452,613.70000000000005,-6.7676767676767682,23,ok
158,20260959,"[14,5,18,10,0,13,2,8,3,4,19,15,1,17,20,11,9,22,16,6,21,12,7]",663.54999999999995,0,0.91924491146508891,23,ok,0.74141778441640038,587.39999999999998,-5.9595959595959593,23,ok
159,20260960,"[12,5,17,18,7,16,15,19,2,3,4,13,14,8,1,11,22,0,10,21,9,6,20]",612.10000000000002,-5.1515151515151514,0.9282413821620229,23,ok,0.87785301105629732,613.70000000000005,-5.9595959595959593,23,ok
160,20260961,"[6,17,10,20,22,19,11,5,3,15,13,12,0,16,2,1,9,4,14,7,8,18,21]",610.29999999999995,-3.8383838383838382,1.0077121549097285,23,ok,0.86795273092105818,614.29999999999995,-6.6666666666666661,23,ok
161,20260962,"[22,12,4,0,2,18,20,6,14,7,3,19,1,13,10,17,15,8,11,9,16,5,21]",663.54999999999995,0,0.91924491146508891,23,ok,0.69342057263874368,618.95000000000005,-6.8686868686868685,23,ok
162,20260963,"[4,8,17,16,14,19,22,20,5,21,2,18,10,0,1,3,12,6,13,7,9,11,15]",607.39999999999998,-0.90909090909091006,0.96120701886626547,23,ok,0.89867369865385771,615,-6.262626262626263,23,ok
163,20260964,"[8,22,0,3,5,16,2,18,9,15,4,12,19,1,6,13,7,14,20,10,11,17,21]",578.85000000000002,-7.8787878787878789,0.98110182128779622,23,ok,0.71878554096987968,598.60000000000002,-7.0707070707070709,23,ok
164,20260965,"[9,19,14,13,21,20,22,7,15,6,16,0,17,11,1,3,12,2,18,8,10,5,4]",618.14999999999998,-10,0.95374821096752904,23,ok,0.78159648626901945,617.89999999999998,-5.9595959595959593,23,ok
165,20260966,"[5,10,18,16,8,14,20,11,19,17,2,4,21,7,13,6,22,15,1,3,0,12,9]",664.89999999999998,-0.40404040404040487,0.96227679153007628,23,ok,0.69573570382572891,584,-6.5656565656565657,23,ok
166,20260967,"[5,16,18,22,7,19,0,9,4,12,2,21,15,20,6,10,11,17,14,13,8,3,1]",615.10000000000002,-5.1515151515151514,0.98052474143374468,23,ok,0.88337289330593449,617.54999999999995,-5.9595959595959593,23,ok
167,20260968,"[19,7,11,4,22,20,13,16,15,0,17,12,10,3,21,6,1,9,14,8,2,18,5]",605.85000000000002,-6.262626262626263,1.02505779361667,23,ok,1.02505779361667,605.85000000000002,-6.262626262626263,23,ok
168,20260969,"[4,6,12,8,10,16,11,14,1,0,9,3,15,21,7,19,18,20,17,2,13,22,5]",607.70000000000005,-3.6363636363636367,1.0586859095723964,23,ok,0.70623691110944398,624,-5.9595959595959593,23,ok
169,20260970,"[7,14,5,19,13,18,6,8,2,0,12,16,3,21,20,4,10,22,15,11,1,17,9]",607.29999999999995,-4.8484848484848486,0.93992822668469611,23,ok,0.81935377152667077,587,-7.0707070707070709,23,ok
170,20260971,"[1,21,22,8,16,4,15,14,7,12,3,10,20,9,6,11,19,2,13,17,18,0,5]",663.89999999999998,-0.10101010101010033,0.92145853563825419,23,ok,0.77713482362806352,621.75,-6.7676767676767682,23,ok
171,20260972,"[22,20,12,5,4,3,8,10,14,2,9,6,18,0,17,7,19,15,21,1,11,16,13]",656,-6.5656565656565657,1.0031555683566515,23,ok,0.86030673590158957,595.04999999999995,-7.0707070707070709,23,ok
172,20260973,"[18,20,21,11,1,8,10,15,19,5,16,3,17,14,4,12,6,2,0,7,22,9,13]",663.54999999999995,0,0.91924491146508891,23,ok,0.70878485659878243,584,-7.0707070707070709,23,ok
173,20260974,"[13,9,2,8,3,20,12,18,21,7,17,14,10,15,1,4,16,6,11,0,19,22,5]",663.75,-2.9292929292929291,1.1559358926475098,23,ok,0.67516080979544024,616.54999999999995,-7.0707070707070709,23,ok
174,20260975,"[14,0,20,5,16,3,7,19,9,22,6,18,17,13,2,11,8,4,21,15,1,10,12]",664.70000000000005,-0.30303030303030276,0.9434830957446827,23,ok,0.73919710593541554,624,-6.6666666666666661,23,ok
175,20260976,"[0,19,22,5,10,6,12,17,15,7,14,8,21,13,20,18,11,9,1,3,2,16,4]",654.29999999999995,-6.4646464646464645,1.1153899777238749,23,ok,0.7489143826137753,603.89999999999998,-6.0606060606060606,23,ok
176,20260977,"[3,12,6,2,20,16,18,9,5,10,7,13,4,21,22,19,15,0,17,1,14,11,8]",642.5,-8.1818181818181817,0.98172523721035121,23,ok,0.78421180129041068,624,-5.9595959595959593,23,ok
177,20260978,"[21,19,15,11,9,12,18,22,6,3,0,4,16,7,1,5,17,14,13,10,20,2,8]",663.54999999999995,0,0.91924491146508891,23,ok,0.67323028543761587,612.14999999999998,-7.0707070707070709,23,ok
178,20260979,"[1,17,13,20,5,11,14,19,9,2,18,22,4,6,12,0,3,15,10,7,8,21,16]",609.25,-4.1414141414141419,0.96690493594104043,23,ok,0.85340381907664031,597.45000000000005,-7.0707070707070709,23,ok
179,20260980,"[5,10,8,14,1,0,18,19,9,6,21,12,4,3,17,16,11,15,22,20,7,2,13]",635.85000000000002,-3.7373737373737379,0.99234683264936019,23,ok,0.70374594759265485,589.89999999999998,-7.0707070707070709,23,ok
180,20260981,"[7,19,10,8,13,12,21,20,4,22,6,0,17,2,3,14,16,5,11,18,9,1,15]",641.5,-7.3737373737373737,1.0784528163112772,23,ok,0.69312578326345731,593.54999999999995,-6.8686868686868685,23,ok
181,20260982,"[8,18,17,2,12,9,11,20,21,22,15,3,14,5,13,7,1,0,16,6,19,10,4]",657.54999999999995,-7.4747474747474749,0.99119128856741334,23,ok,0.72356370491054489,624,-5.9595959595959593,23,ok
182,20260983,"[7,18,12,6,22,17,13,9,8,3,19,1,16,10,20,15,0,11,21,14,5,2,4]",649.25,-10,0.94573438827117395,23,ok,0.77176071064200213,609.25,-5.9595959595959593,23,ok
183,20260984,"[15,10,12,3,2,16,17,20,8,14,19,21,0,18,22,1,11,7,5,13,9,6,4]",643.10000000000002,-10,1.2077534782521036,23,ok,0.65562067200207752,595.45000000000005,-7.0707070707070709,23,ok
184,20260985,"[18,12,7,3,13,4,20,6,21,10,0,22,16,8,15,11,5,19,1,17,9,2,14]",663.54999999999995,0,0.91924491146508891,23,ok,0.58334638028551156,591.70000000000005,-7.0707070707070709,23,ok
185,20260986,"[6,4,7,12,22,15,0,16,20,17,8,5,11,21,19,3,18,14,9,1,13,2,10]",606.20000000000005,-0.80808080808080796,0.99267239562039655,23,ok,0.70258816237912858,593.14999999999998,-7.0707070707070709,23,ok
186,20260987,"[17,1,4,22,0,20,18,11,5,9,8,14,12,3,16,6,21,15,10,19,2,13,7]",663.54999999999995,0,0.91924491146508891,23,ok,0.69618705729559438,584.75,-7.0707070707070709,23,ok
187,20260988,"[13,1,7,11,16,20,17,2,12,19,14,3,5,8,15,6,0,22,4,9,21,10,18]",609.35000000000002,-3.333333333333333,1.0766548843433137,23,ok,0.80292510484369417,612.70000000000005,-5.9595959595959593,23,ok
188,20260989,"[4,22,1,14,13,20,17,12,21,9,6,7,2,15,0,10,3,8,5,18,11,16,19]",661.14999999999998,-9.3939393939393945,0.939955035623385,23,ok,0.90444671846526681,590.45000000000005,-5.9595959595959593,23,ok
189,20260990,"[19,13,20,21,8,2,6,22,3,1,5,17,16,10,12,14,9,7,15,11,4,0,18]",663.54999999999995,0,0.91924491146508891,23,ok,0.8708399364964724,608.70000000000005,-6.3636363636363633,23,ok
190,20260991,"[11,1,9,21,7,10,0,18,22,14,2,12,13,17,19,3,15,16,5,6,20,8,4]",663.54999999999995,0,0.91924491146508891,23,ok,0.63036582211138659,609.45000000000005,-6.7676767676767682,23,ok
191,20260992,"[1,7,15,0,18,4,13,17,19,9,16,21,12,2,10,14,8,6,20,3,11,22,5]",664.29999999999995,-3.1313131313131315,1.1929650911314611,23,ok,0.76251845344688884,606.75,-5.9595959595959593,23,ok
192,20260993,"[10,21,13,11,9,15,1,19,2,4,5,8,17,6,0,18,22,16,14,20,3,7,12]",576.95000000000005,-5.858585858585859,1.0966778539571136,23,ok,0.79948020013260079,584,-6.7676767676767682,23,ok
193,20260994,"[19,0,5,12,10,18,4,7,20,17,9,22,14,13,15,2,11,1,3,6,16,8,21]",586.10000000000002,-8.5858585858585865,1.1833276980777132,23,ok,0.98252308770892849,584.70000000000005,-6.0606060606060606,23,ok
194,20260995,"[3,9,12,0,5,17,1,8,4,11,16,10,20,21,7,22,19,15,14,6,2,13,18]",665.89999999999998,-0.60606060606060552,1.0387748090330657,23,ok,0.65864281045693174,606.10000000000002,-5.9595959595959593,23,ok
195,20260996,"[4,0,16,12,11,17,14,7,5,13,20,1,22,21,8,2,10,19,6,18,3,9,15]",606,-4.6464646464646462,1.0404916364288577,23,ok,0.85216082613749622,609,-5.9595959595959593,23,ok
196,20260997,"[16,1,20,17,19,22,15,8,0,9,7,21,18,3,6,2,14,5,4,12,11,13,10]",587.64999999999998,-10,0.9787595120471031,23,ok,0.92531535115503227,587.45000000000005,-6.8686868686868685,23,ok
197,20260998,"[21,6,0,17,11,10,5,8,22,18,1,19,12,7,20,9,3,2,4,13,16,14,15]",663.54999999999995,0,0.91924491146508891,23,ok,0.72264253211179041,610.64999999999998,-6.5656565656565657,23,ok
198,20260999,"[4,6,7,0,10,13,16,22,20,21,11,17,14,18,3,12,19,9,15,5,8,1,2]",619.29999999999995,-10,0.92163031742346013,23,ok,0.87151955494554834,623.75,-5.9595959595959593,23,ok
199,20261000,"[19,5,14,18,22,15,21,8,16,6,10,17,20,7,0,3,11,2,1,4,13,12,9]",607.89999999999998,-0.70707070707070763,0.95296282085360084,23,ok,0.85705242343873844,584,-6.0606060606060606,23,ok
200,20261001,"[16,18,0,17,5,22,1,10,3,2,9,8,6,12,7,14,15,19,13,21,20,11,4]",576.5,-8.2828282828282838,0.93908541034130355,23,ok,0.66951182954475152,624,-5.9595959595959593,23,ok
