mode,input_type,norm_variant,polarization_operator,stack_method,power_window_s,phase,peak_label,time_s,slowness_sdeg,power,support_count,minimum_support,status,excluded_reason,paper_time_s,paper_slowness_sdeg,dt_vs_paper_s,ds_vs_paper_sdeg,within_published_tolerance,grid_coordinate_miss_norm,median_distance_error_deg,max_distance_error_deg,distance_uncertainty_moveout_s,uncertainty_folded_time_tolerance_s,within_uncertainty_folded_tolerance,local_max_neighbor_check,box_peak_background_quantile,target_box_rank,published_target_box,box_occupancy_in_band,box_supported_cell_fraction,box_valid_cell_count,box_total_cell_count,normalization_lane,current_provenance_status
ablation,envelope,C,not_applicable,nth_root,1.0,PKiKP,global,662.1,-3.4343434343434343,0.28309964879170846,23,2,ok,,604.0,-6.5,58.10000000000002,3.0656565656565657,False,29.49591074193136,3.5,17.5,22.75,24.75,False,True,0.8825751114207802,1,,nan,nan,0,0,ablation_full_window,current
ablation,envelope,C,not_applicable,nth_root,1.0,PKiKP,published_target,589.15,-7.070707070707071,0.18063588673336425,23,2,ok,,604.0,-6.5,-14.850000000000023,-0.5707070707070709,False,7.485677353852917,3.5,17.5,22.75,24.75,True,False,0.8095361553742438,19912,PKIKP_PUBLISHED,0.23574698293799418,1.0,9612,9612,ablation_full_window,current
ablation,envelope,C,not_applicable,nth_root,1.0,PKKP,peak_1,1200.0,-3.9393939393939394,0.061388545127203036,23,2,ok,,1290.0,-8.0,-90.0,4.0606060606060606,False,4.040820685588548,3.5,17.5,28.0,58.0,False,False,0.5145288765749345,1,,nan,nan,0,0,ablation_full_window,current
ablation,envelope,C,not_applicable,nth_root,1.0,PKKP,peak_2,1214.65,-6.0606060606060606,0.061061492988215595,23,2,ok,,1341.0,-7.0,-126.34999999999991,0.9393939393939394,False,4.257973812526851,3.5,17.5,24.5,54.5,False,True,0.5122490233959066,4,,nan,nan,0,0,ablation_full_window,current
ablation,envelope,C,not_applicable,nth_root,1.0,PKKP,paper_target,1344.85,-7.575757575757576,0.04958091034387404,23,2,ok,,1341.0,-7.0,3.849999999999909,-0.5757575757575761,False,1.6324077042099436,3.5,17.5,24.5,29.5,False,True,0.410985799515766,19131,PKKP_PUBLISHED,0.15137328339575531,1.0,16020,16020,ablation_full_window,current
ablation,envelope,C,not_applicable,nth_root,10.0,PKiKP,global,663.6,-3.6363636363636367,0.25341144818412226,23,2,ok,,604.0,-6.5,59.60000000000002,2.8636363636363633,False,30.179776765573255,3.5,17.5,22.75,24.75,False,True,0.8618533035264773,1,,nan,nan,0,0,ablation_full_window,current
ablation,envelope,C,not_applicable,nth_root,10.0,PKiKP,published_target,588.9,-7.070707070707071,0.16442978540540942,23,2,ok,,604.0,-6.5,-15.100000000000023,-0.5707070707070709,False,7.609680705915748,3.5,17.5,22.75,24.75,True,False,0.793230334409773,41325,PKIKP_PUBLISHED,0.4712858926342072,1.0,9612,9612,ablation_full_window,current
ablation,envelope,C,not_applicable,nth_root,10.0,PKKP,peak_1,1200.0,-3.9393939393939394,0.05612214776901656,23,2,ok,,1290.0,-8.0,-90.0,4.0606060606060606,False,4.040820685588548,3.5,17.5,28.0,58.0,False,False,0.4748928929869069,1,,nan,nan,0,0,ablation_full_window,current
ablation,envelope,C,not_applicable,nth_root,10.0,PKKP,peak_2,1215.05,-6.0606060606060606,0.055580350482091485,23,2,ok,,1341.0,-7.0,-125.95000000000005,0.9393939393939394,False,4.244785937456817,3.5,17.5,24.5,54.5,False,True,0.47015342813427935,21,,nan,nan,0,0,ablation_full_window,current
ablation,envelope,C,not_applicable,nth_root,10.0,PKKP,paper_target,1342.55,-7.171717171717171,0.045305869837745316,23,2,ok,,1341.0,-7.0,1.5499999999999545,-0.17171717171717127,True,0.5295209336191511,3.5,17.5,24.5,29.5,True,True,0.3630372414606524,45096,PKKP_PUBLISHED,0.2818352059925094,1.0,16020,16020,ablation_full_window,current
ablation,envelope,C,not_applicable,nth_root,20.0,PKiKP,global,664.8,-3.737373737373738,0.226552431332181,23,2,ok,,604.0,-6.5,60.799999999999955,2.762626262626262,False,30.74671183263847,3.5,17.5,22.75,24.75,False,True,0.8396969223729431,1,,nan,nan,0,0,ablation_full_window,current
ablation,envelope,C,not_applicable,nth_root,20.0,PKiKP,published_target,584.0,-7.070707070707071,0.15873112490385968,23,2,ok,,604.0,-6.5,-20.0,-0.5707070707070709,False,10.045135163151675,3.5,17.5,22.75,24.75,True,False,0.7859017356632771,48644,PKIKP_PUBLISHED,0.700374531835206,1.0,9612,9612,ablation_full_window,current
ablation,envelope,C,not_applicable,nth_root,20.0,PKKP,peak_1,1217.05,-6.0606060606060606,0.05128718828538418,23,2,ok,,1290.0,-8.0,-72.95000000000005,1.9393939393939394,False,2.7540277657083316,3.5,17.5,28.0,58.0,False,True,0.4299869058058936,1,,nan,nan,0,0,ablation_full_window,current
ablation,envelope,C,not_applicable,nth_root,20.0,PKKP,peak_2,1200.0,-3.8383838383838382,0.050791897267311266,23,2,ok,,1341.0,-7.0,-141.0,3.1616161616161618,False,5.150979054871997,3.5,17.5,24.5,54.5,False,False,0.42428050188222216,411,,nan,nan,0,0,ablation_full_window,current
ablation,envelope,C,not_applicable,nth_root,20.0,PKKP,paper_target,1341.6,-7.272727272727273,0.04185909055142127,23,2,ok,,1341.0,-7.0,0.599999999999909,-0.2727272727272734,True,0.6922976477338697,3.5,17.5,24.5,29.5,True,True,0.3229039187570235,88064,PKKP_PUBLISHED,0.5312734082397004,1.0,16020,16020,ablation_full_window,current
ablation,envelope,C,not_applicable,nth_root,5.0,PKiKP,global,662.55,-3.5353535353535355,0.2683050516369007,23,2,ok,,604.0,-6.5,58.549999999999955,2.9646464646464645,False,29.6890530545978,3.5,17.5,22.75,24.75,False,True,0.8716729662226581,1,,nan,nan,0,0,ablation_full_window,current
ablation,envelope,C,not_applicable,nth_root,5.0,PKiKP,published_target,589.1,-7.070707070707071,0.17402630494878135,23,2,ok,,604.0,-6.5,-14.899999999999977,-0.5707070707070709,False,7.5104753808255085,3.5,17.5,22.75,24.75,True,False,0.8038911270726559,26871,PKIKP_PUBLISHED,0.34384103204327926,1.0,9612,9612,ablation_full_window,current
ablation,envelope,C,not_applicable,nth_root,5.0,PKKP,peak_1,1200.0,-3.9393939393939394,0.0594734538594683,23,2,ok,,1290.0,-8.0,-90.0,4.0606060606060606,False,4.040820685588548,3.5,17.5,28.0,58.0,False,False,0.5010461158077174,1,,nan,nan,0,0,ablation_full_window,current
ablation,envelope,C,not_applicable,nth_root,5.0,PKKP,peak_2,1214.85,-6.0606060606060606,0.05891059452689678,23,2,ok,,1341.0,-7.0,-126.15000000000009,0.9393939393939394,False,4.251379761566048,3.5,17.5,24.5,54.5,False,True,0.49679394281583056,9,,nan,nan,0,0,ablation_full_window,current
ablation,envelope,C,not_applicable,nth_root,5.0,PKKP,paper_target,1344.45,-7.474747474747475,0.047183923490592916,23,2,ok,,1341.0,-7.0,3.4500000000000455,-0.4747474747474749,False,1.372864625470922,3.5,17.5,24.5,29.5,False,True,0.38380797511775494,32881,PKKP_PUBLISHED,0.21310861423220973,1.0,16020,16020,ablation_full_window,current
ablation,envelope,C,not_applicable,pws,1.0,PKiKP,global,665.7,-3.737373737373738,1.204208145504399,23,2,ok,,604.0,-6.5,61.700000000000045,2.762626262626262,False,31.191710253195694,3.5,17.5,22.75,24.75,False,True,0.9927353978985948,1,,nan,nan,0,0,ablation_full_window,current
ablation,envelope,C,not_applicable,pws,1.0,PKiKP,published_target,589.45,-7.070707070707071,0.39839613343442587,23,2,ok,,604.0,-6.5,-14.549999999999955,-0.5707070707070709,False,7.336917980050337,3.5,17.5,22.75,24.75,True,False,0.8206436140412571,33917,PKIKP_PUBLISHED,0.09071993341656263,1.0,9612,9612,ablation_full_window,current
ablation,envelope,C,not_applicable,pws,1.0,PKKP,peak_1,1200.05,-7.474747474747475,0.1409547328999485,23,2,ok,,1290.0,-8.0,-89.95000000000005,0.5252525252525251,False,3.018711753585859,3.5,17.5,28.0,58.0,False,True,0.6021610334693717,1,,nan,nan,0,0,ablation_full_window,current
ablation,envelope,C,not_applicable,pws,1.0,PKKP,peak_2,1345.15,-9.393939393939394,0.13437826288169466,23,2,ok,,1341.0,-7.0,4.150000000000091,-2.3939393939393945,False,1.6019435517666125,3.5,17.5,24.5,54.5,False,True,0.5852574008406931,103,,nan,nan,0,0,ablation_full_window,current
ablation,envelope,C,not_applicable,pws,1.0,PKKP,paper_target,1344.95,-7.575757575757576,0.10585563596972955,23,2,ok,,1341.0,-7.0,3.9500000000000455,-0.5757575757575761,False,1.6419363303015195,3.5,17.5,24.5,29.5,False,True,0.4902933689210013,6548,PKKP_PUBLISHED,0.03695380774032459,1.0,16020,16020,ablation_full_window,current
ablation,envelope,C,not_applicable,pws,10.0,PKiKP,global,664.55,-3.6363636363636367,1.0583362812881423,23,2,ok,,604.0,-6.5,60.549999999999955,2.8636363636363633,False,30.648891507195383,3.5,17.5,22.75,24.75,False,True,0.9894095381211415,1,,nan,nan,0,0,ablation_full_window,current
ablation,envelope,C,not_applicable,pws,10.0,PKiKP,published_target,589.2,-7.070707070707071,0.345341341663064,23,2,ok,,604.0,-6.5,-14.799999999999955,-0.5707070707070709,False,7.460880674959619,3.5,17.5,22.75,24.75,True,False,0.8002690916953978,67382,PKIKP_PUBLISHED,0.4621306699958385,1.0,9612,9612,ablation_full_window,current
ablation,envelope,C,not_applicable,pws,10.0,PKKP,peak_1,1200.75,-7.575757575757576,0.12167474321267234,23,2,ok,,1290.0,-8.0,-89.25,0.42424242424242387,False,2.9884137661253662,3.5,17.5,28.0,58.0,False,True,0.5406132975418081,1,,nan,nan,0,0,ablation_full_window,current
ablation,envelope,C,not_applicable,pws,10.0,PKKP,peak_2,1200.0,-3.8383838383838382,0.11766592774509466,23,2,ok,,1341.0,-7.0,-141.0,3.1616161616161618,False,5.150979054871997,3.5,17.5,24.5,54.5,False,False,0.5253355728518805,135,,nan,nan,0,0,ablation_full_window,current
ablation,envelope,C,not_applicable,pws,10.0,PKKP,paper_target,1344.75,-7.575757575757576,0.08890981716112241,23,2,ok,,1341.0,-7.0,3.75,-0.5757575757575761,False,1.6230695957857155,3.5,17.5,24.5,29.5,False,True,0.4181903365065913,39139,PKKP_PUBLISHED,0.17340823970037453,1.0,16020,16020,ablation_full_window,current
ablation,envelope,C,not_applicable,pws,20.0,PKiKP,global,665.3,-3.737373737373738,0.8273638356435926,23,2,ok,,604.0,-6.5,61.299999999999955,2.762626262626262,False,30.993915346714598,3.5,17.5,22.75,24.75,False,True,0.9691020702805477,1,,nan,nan,0,0,ablation_full_window,current
ablation,envelope,C,not_applicable,pws,20.0,PKiKP,published_target,584.0,-7.070707070707071,0.3450916588346589,23,2,ok,,604.0,-6.5,-20.0,-0.5707070707070709,False,10.045135163151675,3.5,17.5,22.75,24.75,True,False,0.7995011319543112,62331,PKIKP_PUBLISHED,0.5119642114024137,1.0,9612,9612,ablation_full_window,current
ablation,envelope,C,not_applicable,pws,20.0,PKKP,peak_1,1200.0,-7.575757575757576,0.10391049173960336,23,2,ok,,1290.0,-8.0,-90.0,0.42424242424242387,False,3.013302480264402,3.5,17.5,28.0,58.0,False,False,0.4648716299377616,1,,nan,nan,0,0,ablation_full_window,current
ablation,envelope,C,not_applicable,pws,20.0,PKKP,peak_2,1200.0,-3.737373737373738,0.10204778764461052,23,2,ok,,1341.0,-7.0,-141.0,3.262626262626262,False,5.178898644374266,3.5,17.5,24.5,54.5,False,False,0.458950957383258,140,,nan,nan,0,0,ablation_full_window,current
ablation,envelope,C,not_applicable,pws,20.0,PKKP,paper_target,1343.25,-7.6767676767676765,0.08115731753576619,23,2,ok,,1341.0,-7.0,2.25,-0.6767676767676765,False,1.7507400012521817,3.5,17.5,24.5,29.5,False,True,0.37769181793063683,80237,PKKP_PUBLISHED,0.41872659176029964,1.0,16020,16020,ablation_full_window,current
ablation,envelope,C,not_applicable,pws,5.0,PKiKP,global,664.15,-3.5353535353535355,1.1661308144494869,23,2,ok,,604.0,-6.5,60.14999999999998,2.9646464646464645,False,30.478186810877116,3.5,17.5,22.75,24.75,False,True,0.9922985607307412,1,,nan,nan,0,0,ablation_full_window,current
ablation,envelope,C,not_applicable,pws,5.0,PKiKP,published_target,589.3,-7.070707070707071,0.3760821705973844,23,2,ok,,604.0,-6.5,-14.700000000000045,-0.5707070707070709,False,7.411291415535255,3.5,17.5,22.75,24.75,True,False,0.8122320959556523,44490,PKIKP_PUBLISHED,0.18705784436121514,1.0,9612,9612,ablation_full_window,current
ablation,envelope,C,not_applicable,pws,5.0,PKKP,peak_1,1200.9,-7.575757575757576,0.13464502523207658,23,2,ok,,1290.0,-8.0,-89.09999999999991,0.42424242424242387,False,2.9834362466068516,3.5,17.5,28.0,58.0,False,True,0.585481279889218,1,,nan,nan,0,0,ablation_full_window,current
ablation,envelope,C,not_applicable,pws,5.0,PKKP,peak_2,1344.65,-9.393939393939394,0.1283729928609908,23,2,ok,,1341.0,-7.0,3.650000000000091,-2.3939393939393945,False,1.6005904565857239,3.5,17.5,24.5,54.5,False,True,0.5670690301013571,113,,nan,nan,0,0,ablation_full_window,current
ablation,envelope,C,not_applicable,pws,5.0,PKKP,paper_target,1345.1,-7.575757575757576,0.09740137656897221,23,2,ok,,1341.0,-7.0,4.099999999999909,-0.5757575757575761,False,1.6565792805549564,3.5,17.5,24.5,29.5,False,True,0.45749585277713767,16179,PKKP_PUBLISHED,0.09731585518102372,1.0,16020,16020,ablation_full_window,current
ablation,waveform,C,not_applicable,nth_root,1.0,PKiKP,global,558.0,-10.0,0.010117825293818695,23,2,ok,,604.0,-6.5,-46.0,-3.5,False,23.72820637506716,3.5,17.5,22.75,24.75,False,True,0.994639856359657,1,,nan,nan,0,0,ablation_full_window,current
ablation,waveform,C,not_applicable,nth_root,1.0,PKiKP,published_target,606.8,-6.0606060606060606,0.009332626156183719,23,2,ok,,604.0,-6.5,2.7999999999999545,0.43939393939393945,False,1.579967504919099,3.5,17.5,22.75,24.75,True,True,0.9944955883855999,5,PKIKP_PUBLISHED,0.0005201831044527674,1.0,9612,9612,ablation_full_window,current
ablation,waveform,C,not_applicable,nth_root,1.0,PKKP,peak_1,1442.35,-8.282828282828284,0.002557989327085689,23,2,ok,,1290.0,-8.0,152.3499999999999,-0.28282828282828376,False,5.081832481718798,3.5,17.5,28.0,58.0,False,True,0.9918702163561963,1,,nan,nan,0,0,ablation_full_window,current
ablation,waveform,C,not_applicable,nth_root,1.0,PKKP,peak_2,1200.95,-3.737373737373738,0.0025483694029316832,23,2,ok,,1341.0,-7.0,-140.04999999999995,3.262626262626262,False,5.15017740275155,3.5,17.5,24.5,54.5,False,True,0.991862370967879,2,,nan,nan,0,0,ablation_full_window,current
ablation,waveform,C,not_applicable,nth_root,1.0,PKKP,paper_target,1334.5,-6.565656565656566,0.000747936398763684,23,2,ok,,1341.0,-7.0,-6.5,0.43434343434343425,False,1.6938385012989896,3.5,17.5,24.5,29.5,False,True,0.9868289005799703,466,PKKP_PUBLISHED,0.0005617977528089888,1.0,16020,16020,ablation_full_window,current
ablation,waveform,C,not_applicable,nth_root,10.0,PKiKP,global,557.8,-10.0,0.001345901322105733,23,2,ok,,604.0,-6.5,-46.200000000000045,-3.5,False,23.825150110288472,3.5,17.5,22.75,24.75,False,True,0.9847928043841774,1,,nan,nan,0,0,ablation_full_window,current
ablation,waveform,C,not_applicable,nth_root,10.0,PKiKP,published_target,606.85,-6.0606060606060606,0.0010168541709124769,23,2,ok,,604.0,-6.5,2.8500000000000227,0.43939393939393945,False,1.6021617635558463,3.5,17.5,22.75,24.75,True,True,0.9840058683504613,103,PKIKP_PUBLISHED,0.005305867665418227,1.0,9612,9612,ablation_full_window,current
ablation,waveform,C,not_applicable,nth_root,10.0,PKKP,peak_1,1281.35,-3.9393939393939394,0.0003303229387138726,23,2,ok,,1290.0,-8.0,-8.650000000000091,4.0606060606060606,False,2.722382765922421,3.5,17.5,28.0,58.0,False,True,0.9782238171606101,1,,nan,nan,0,0,ablation_full_window,current
ablation,waveform,C,not_applicable,nth_root,10.0,PKKP,peak_2,1200.9,-3.737373737373738,0.00030723172657051934,23,2,ok,,1341.0,-7.0,-140.0999999999999,3.262626262626262,False,5.151688186284335,3.5,17.5,24.5,54.5,False,True,0.9774558408153277,37,,nan,nan,0,0,ablation_full_window,current
ablation,waveform,C,not_applicable,nth_root,10.0,PKKP,paper_target,1334.35,-6.565656565656566,0.00010237442431962274,23,2,ok,,1341.0,-7.0,-6.650000000000091,0.43434343434343425,False,1.716970840894759,3.5,17.5,24.5,29.5,False,True,0.9513799493231501,3092,PKKP_PUBLISHED,0.003183520599250936,1.0,16020,16020,ablation_full_window,current
ablation,waveform,C,not_applicable,nth_root,20.0,PKiKP,global,557.85,-10.0,0.0006828585536670685,23,2,ok,,604.0,-6.5,-46.14999999999998,-3.5,False,23.800911805596385,3.5,17.5,22.75,24.75,False,True,0.9819189950580591,1,,nan,nan,0,0,ablation_full_window,current
ablation,waveform,C,not_applicable,nth_root,20.0,PKiKP,published_target,607.6,-6.0606060606060606,0.0005486012229907096,23,2,ok,,604.0,-6.5,3.6000000000000227,0.43939393939393945,False,1.9432697487997872,3.5,17.5,22.75,24.75,True,True,0.9811534159147625,144,PKIKP_PUBLISHED,0.011860174781523096,1.0,9612,9612,ablation_full_window,current
ablation,waveform,C,not_applicable,nth_root,20.0,PKKP,peak_1,1281.35,-3.9393939393939394,0.00017799731654535674,23,2,ok,,1290.0,-8.0,-8.650000000000091,4.0606060606060606,False,2.722382765922421,3.5,17.5,28.0,58.0,False,True,0.9711971822852004,1,,nan,nan,0,0,ablation_full_window,current
ablation,waveform,C,not_applicable,nth_root,20.0,PKKP,peak_2,1200.95,-3.737373737373738,0.00015680324437767078,23,2,ok,,1341.0,-7.0,-140.04999999999995,3.262626262626262,False,5.15017740275155,3.5,17.5,24.5,54.5,False,True,0.968294606535252,93,,nan,nan,0,0,ablation_full_window,current
ablation,waveform,C,not_applicable,nth_root,20.0,PKKP,paper_target,1335.05,-6.565656565656566,5.494842757103512e-05,23,2,ok,,1341.0,-7.0,-5.9500000000000455,0.43434343434343425,False,1.6109589903168948,3.5,17.5,24.5,29.5,False,True,0.9147055919966579,6976,PKKP_PUBLISHED,0.00717852684144819,1.0,16020,16020,ablation_full_window,current
ablation,waveform,C,not_applicable,nth_root,5.0,PKiKP,global,557.85,-10.0,0.0025521595216676744,23,2,ok,,604.0,-6.5,-46.14999999999998,-3.5,False,23.800911805596385,3.5,17.5,22.75,24.75,False,True,0.9877548743288652,1,,nan,nan,0,0,ablation_full_window,current
ablation,waveform,C,not_applicable,nth_root,5.0,PKiKP,published_target,606.8,-6.0606060606060606,0.0020140267309510323,23,2,ok,,604.0,-6.5,2.7999999999999545,0.43939393939393945,False,1.579967504919099,3.5,17.5,22.75,24.75,True,True,0.9870553272039058,48,PKIKP_PUBLISHED,0.0027049521431543903,1.0,9612,9612,ablation_full_window,current
ablation,waveform,C,not_applicable,nth_root,5.0,PKKP,peak_1,1200.95,-3.737373737373738,0.0006008120464585525,23,2,ok,,1290.0,-8.0,-89.04999999999995,4.262626262626262,False,4.109324838020156,3.5,17.5,28.0,58.0,False,True,0.9824145620867687,1,,nan,nan,0,0,ablation_full_window,current
ablation,waveform,C,not_applicable,nth_root,5.0,PKKP,peak_2,1281.2,-3.9393939393939394,0.0005924122906346847,23,2,ok,,1341.0,-7.0,-59.799999999999955,3.0606060606060606,False,2.8524772437085106,3.5,17.5,24.5,54.5,False,True,0.9823341468565163,9,,nan,nan,0,0,ablation_full_window,current
ablation,waveform,C,not_applicable,nth_root,5.0,PKKP,paper_target,1334.35,-6.565656565656566,0.000196301628651614,23,2,ok,,1341.0,-7.0,-6.650000000000091,0.43434343434343425,False,1.716970840894759,3.5,17.5,24.5,29.5,False,True,0.9690575705491096,1487,PKKP_PUBLISHED,0.0016229712858926342,1.0,16020,16020,ablation_full_window,current
ablation,waveform,C,not_applicable,pws,1.0,PKiKP,global,662.65,-2.6262626262626263,0.14995614016982348,23,2,ok,,604.0,-6.5,58.64999999999998,3.8737373737373737,False,30.027296204208074,3.5,17.5,22.75,24.75,False,True,0.9863542545867736,1,,nan,nan,0,0,ablation_full_window,current
ablation,waveform,C,not_applicable,pws,1.0,PKiKP,published_target,587.95,-7.070707070707071,0.03544094615466085,23,2,ok,,604.0,-6.5,-16.049999999999955,-0.5707070707070709,False,8.08117351911131,3.5,17.5,22.75,24.75,True,True,0.977307650147112,861,PKIKP_PUBLISHED,0.002184769038701623,1.0,9612,9612,ablation_full_window,current
ablation,waveform,C,not_applicable,pws,1.0,PKKP,peak_1,1201.05,-3.737373737373738,0.03027975296109488,23,2,ok,,1290.0,-8.0,-88.95000000000005,4.262626262626262,False,4.106917681983853,3.5,17.5,28.0,58.0,False,True,0.9757143825363399,1,,nan,nan,0,0,ablation_full_window,current
ablation,waveform,C,not_applicable,pws,1.0,PKKP,peak_2,1202.05,-8.787878787878787,0.020537797548114266,23,2,ok,,1341.0,-7.0,-138.95000000000005,-1.7878787878787872,False,4.7825733105909025,3.5,17.5,24.5,54.5,False,True,0.9704052339200594,10,,nan,nan,0,0,ablation_full_window,current
ablation,waveform,C,not_applicable,pws,1.0,PKKP,paper_target,1346.05,-6.262626262626263,0.012569566388237164,23,2,ok,,1341.0,-7.0,5.0499999999999545,0.737373737373737,False,2.1019871975236164,3.5,17.5,24.5,29.5,False,True,0.9599024382377253,95,PKKP_PUBLISHED,0.0006866416978776529,1.0,16020,16020,ablation_full_window,current
ablation,waveform,C,not_applicable,pws,10.0,PKiKP,global,662.85,-2.525252525252525,0.037998944802106825,23,2,ok,,604.0,-6.5,58.85000000000002,3.974747474747475,False,30.16149322526672,3.5,17.5,22.75,24.75,False,True,0.9691307941734044,1,,nan,nan,0,0,ablation_full_window,current
ablation,waveform,C,not_applicable,pws,10.0,PKiKP,published_target,587.55,-7.070707070707071,0.008455289838824221,23,2,ok,,604.0,-6.5,-16.450000000000045,-0.5707070707070709,False,8.27981675195693,3.5,17.5,22.75,24.75,True,True,0.9465626629688736,4729,PKIKP_PUBLISHED,0.011860174781523096,1.0,9612,9612,ablation_full_window,current
ablation,waveform,C,not_applicable,pws,10.0,PKKP,peak_1,1201.0,-3.737373737373738,0.0048681647020568045,23,2,ok,,1290.0,-8.0,-89.0,4.262626262626262,False,4.108121098227598,3.5,17.5,28.0,58.0,False,True,0.917603809197541,1,,nan,nan,0,0,ablation_full_window,current
ablation,waveform,C,not_applicable,pws,10.0,PKKP,peak_2,1282.0,-3.9393939393939394,0.004010633145889748,23,2,ok,,1341.0,-7.0,-59.0,3.0606060606060606,False,2.8339065661864913,3.5,17.5,24.5,54.5,False,True,0.901237457457837,90,,nan,nan,0,0,ablation_full_window,current
ablation,waveform,C,not_applicable,pws,10.0,PKKP,paper_target,1345.95,-6.161616161616162,0.0022372206063656047,23,2,ok,,1341.0,-7.0,4.9500000000000455,0.8383838383838382,False,2.318004880904078,3.5,17.5,24.5,29.5,False,True,0.8260588059798422,1092,PKKP_PUBLISHED,0.006741573033707865,1.0,16020,16020,ablation_full_window,current
ablation,waveform,C,not_applicable,pws,20.0,PKiKP,global,662.9,-2.525252525252525,0.02083260690922925,23,2,ok,,604.0,-6.5,58.89999999999998,3.974747474747475,False,30.18588326648417,3.5,17.5,22.75,24.75,False,True,0.9613239790153296,1,,nan,nan,0,0,ablation_full_window,current
ablation,waveform,C,not_applicable,pws,20.0,PKiKP,published_target,611.45,-6.0606060606060606,0.0056183144483675585,23,2,ok,,604.0,-6.5,7.4500000000000455,0.43939393939393945,False,3.7963037703272002,3.5,17.5,22.75,24.75,True,True,0.9281708934785864,7638,PKIKP_PUBLISHED,0.015085310029130253,1.0,9612,9612,ablation_full_window,current
ablation,waveform,C,not_applicable,pws,20.0,PKKP,peak_1,1201.2,-3.737373737373738,0.0027768958388188886,23,2,ok,,1290.0,-8.0,-88.79999999999995,4.262626262626262,False,4.103309377391815,3.5,17.5,28.0,58.0,False,True,0.8531197295607476,1,,nan,nan,0,0,ablation_full_window,current
ablation,waveform,C,not_applicable,pws,20.0,PKKP,peak_2,1281.75,-3.9393939393939394,0.0023984440356562475,23,2,ok,,1341.0,-7.0,-59.25,3.0606060606060606,False,2.839696048540606,3.5,17.5,24.5,54.5,False,True,0.8295072900002026,108,,nan,nan,0,0,ablation_full_window,current
ablation,waveform,C,not_applicable,pws,20.0,PKKP,paper_target,1345.05,-6.161616161616162,0.0013707055795666998,23,2,ok,,1341.0,-7.0,4.0499999999999545,0.8383838383838382,False,2.247030624601075,3.5,17.5,24.5,29.5,False,True,0.7081783596731349,2069,PKKP_PUBLISHED,0.008489388264669164,1.0,16020,16020,ablation_full_window,current
ablation,waveform,C,not_applicable,pws,5.0,PKiKP,global,662.85,-2.525252525252525,0.06853844984557318,23,2,ok,,604.0,-6.5,58.85000000000002,3.974747474747475,False,30.16149322526672,3.5,17.5,22.75,24.75,False,True,0.9762716230343216,1,,nan,nan,0,0,ablation_full_window,current
ablation,waveform,C,not_applicable,pws,5.0,PKiKP,published_target,587.55,-7.070707070707071,0.013974840176289026,23,2,ok,,604.0,-6.5,-16.450000000000045,-0.5707070707070709,False,8.27981675195693,3.5,17.5,22.75,24.75,True,True,0.9610650812008588,2490,PKIKP_PUBLISHED,0.0063462338743237616,1.0,9612,9612,ablation_full_window,current
ablation,waveform,C,not_applicable,pws,5.0,PKKP,peak_1,1201.0,-3.737373737373738,0.008600763373333625,23,2,ok,,1290.0,-8.0,-89.0,4.262626262626262,False,4.108121098227598,3.5,17.5,28.0,58.0,False,True,0.9474995330904314,1,,nan,nan,0,0,ablation_full_window,current
ablation,waveform,C,not_applicable,pws,5.0,PKKP,peak_2,1281.8,-3.9393939393939394,0.006265073684620891,23,2,ok,,1341.0,-7.0,-59.200000000000045,3.0606060606060606,False,2.8385371395388828,3.5,17.5,24.5,54.5,False,True,0.9331252562009622,61,,nan,nan,0,0,ablation_full_window,current
ablation,waveform,C,not_applicable,pws,5.0,PKKP,paper_target,1346.0,-6.161616161616162,0.003933025642891115,23,2,ok,,1341.0,-7.0,5.0,0.8383838383838382,False,2.3222933983231124,3.5,17.5,24.5,29.5,False,True,0.900144333352293,432,PKKP_PUBLISHED,0.002184769038701623,1.0,16020,16020,ablation_full_window,current
paperfaith,envelope,A,principal_axis_projection,nth_root,1.0,PKiKP,global,601.9,-3.5353535353535355,1.178286497680159,23,2,ok,,604.0,-6.5,-2.1000000000000227,2.9646464646464645,False,5.051410325713445,3.5,17.5,22.75,24.75,False,True,0.8394750090916736,1,,nan,nan,0,0,headline_targeted_window_eq1,current
paperfaith,envelope,A,principal_axis_projection,nth_root,1.0,PKiKP,published_target,604.3,-7.070707070707071,0.9830127694586189,23,2,ok,,604.0,-6.5,0.2999999999999545,-0.5707070707070709,True,0.9629332510544182,3.5,17.5,22.75,24.75,True,True,0.7947389515689552,3662,PKIKP_PUBLISHED,0.0959217644610903,1.0,9612,9612,headline_targeted_window_eq1,current
paperfaith,envelope,A,principal_axis_projection,nth_root,1.0,PKKP,peak_1,1292.05,-4.646464646464646,0.3967320031084306,23,2,ok,,1290.0,-8.0,2.0499999999999545,3.353535353535354,False,2.23673428784134,3.5,17.5,28.0,58.0,False,True,0.5597373734946864,1,,nan,nan,0,0,headline_targeted_window_eq1,current
paperfaith,envelope,A,principal_axis_projection,nth_root,1.0,PKKP,peak_2,1289.6,-8.282828282828284,0.3468257683598311,23,2,ok,,1341.0,-7.0,-51.40000000000009,-1.2828282828282838,False,1.9149178576202612,3.5,17.5,24.5,54.5,True,True,0.5307650220111328,542,,nan,nan,0,0,headline_targeted_window_eq1,current
paperfaith,envelope,A,principal_axis_projection,nth_root,1.0,PKKP,paper_target,1344.9,-7.272727272727273,0.29261971851419966,23,2,ok,,1341.0,-7.0,3.900000000000091,-0.2727272727272734,True,1.035990363400105,3.5,17.5,24.5,29.5,True,True,0.49321733850402927,4268,PKKP_PUBLISHED,0.04675405742821473,1.0,16020,16020,headline_targeted_window_eq1,current
paperfaith,envelope,A,principal_axis_projection,nth_root,10.0,PKiKP,global,602.9,-3.6363636363636367,1.0811919893558999,23,2,ok,,604.0,-6.5,-1.1000000000000227,2.8636363636363633,False,4.804313230820272,3.5,17.5,22.75,24.75,False,True,0.8160439370823427,1,,nan,nan,0,0,headline_targeted_window_eq1,current
paperfaith,envelope,A,principal_axis_projection,nth_root,10.0,PKiKP,published_target,603.2,-6.8686868686868685,0.882862858920598,23,2,ok,,604.0,-6.5,-0.7999999999999545,-0.3686868686868685,True,0.7332007591189198,3.5,17.5,22.75,24.75,True,True,0.7653697335184066,5509,PKIKP_PUBLISHED,0.13868081564710777,1.0,9612,9612,headline_targeted_window_eq1,current
paperfaith,envelope,A,principal_axis_projection,nth_root,10.0,PKKP,peak_1,1292.0,-4.646464646464646,0.33678512947455236,23,2,ok,,1290.0,-8.0,2.0,3.353535353535354,False,2.236683990733851,3.5,17.5,28.0,58.0,False,True,0.5227191366350215,1,,nan,nan,0,0,headline_targeted_window_eq1,current
paperfaith,envelope,A,principal_axis_projection,nth_root,10.0,PKKP,peak_2,1291.45,-6.262626262626263,0.3138883846305825,23,2,ok,,1341.0,-7.0,-49.549999999999955,0.737373737373737,False,1.7232690224710192,3.5,17.5,24.5,54.5,True,True,0.5096902496852043,504,,nan,nan,0,0,headline_targeted_window_eq1,current
paperfaith,envelope,A,principal_axis_projection,nth_root,10.0,PKKP,paper_target,1343.55,-7.171717171717171,0.25714029162262997,23,2,ok,,1341.0,-7.0,2.5499999999999545,-0.17171717171717127,True,0.6666276465470764,3.5,17.5,24.5,29.5,True,True,0.45856391965253973,6665,PKKP_PUBLISHED,0.07590511860174781,1.0,16020,16020,headline_targeted_window_eq1,current
paperfaith,envelope,A,principal_axis_projection,nth_root,20.0,PKiKP,global,603.25,-3.5353535353535355,0.9332648265013125,23,2,ok,,604.0,-6.5,-0.75,2.9646464646464645,False,4.955287204463975,3.5,17.5,22.75,24.75,False,True,0.7772543255070314,1,,nan,nan,0,0,headline_targeted_window_eq1,current
paperfaith,envelope,A,principal_axis_projection,nth_root,20.0,PKiKP,published_target,602.45,-6.565656565656566,0.756119889624491,23,2,ok,,604.0,-6.5,-1.5499999999999545,-0.06565656565656575,True,0.7826872949684351,3.5,17.5,22.75,24.75,True,True,0.7199561415483475,10131,PKIKP_PUBLISHED,0.2900540990428631,1.0,9612,9612,headline_targeted_window_eq1,current
paperfaith,envelope,A,principal_axis_projection,nth_root,20.0,PKKP,peak_1,1292.15,-4.747474747474747,0.2729762797339852,23,2,ok,,1290.0,-8.0,2.150000000000091,3.2525252525252526,False,2.169534181269176,3.5,17.5,28.0,58.0,False,True,0.4833387027901882,1,,nan,nan,0,0,headline_targeted_window_eq1,current
paperfaith,envelope,A,principal_axis_projection,nth_root,20.0,PKKP,peak_2,1291.25,-6.262626262626263,0.27135953323617945,23,2,ok,,1341.0,-7.0,-49.75,0.737373737373737,False,1.7296597325702228,3.5,17.5,24.5,54.5,True,True,0.4819969574291259,72,,nan,nan,0,0,headline_targeted_window_eq1,current
paperfaith,envelope,A,principal_axis_projection,nth_root,20.0,PKKP,paper_target,1342.2,-7.070707070707071,0.21466448631038912,23,2,ok,,1341.0,-7.0,1.2000000000000455,-0.07070707070707094,True,0.298071822804247,3.5,17.5,24.5,29.5,True,True,0.38691148477677073,15643,PKKP_PUBLISHED,0.16722846441947564,1.0,16020,16020,headline_targeted_window_eq1,current
paperfaith,envelope,A,principal_axis_projection,nth_root,5.0,PKiKP,global,602.45,-3.6363636363636367,1.12949409759768,23,2,ok,,604.0,-6.5,-1.5499999999999545,2.8636363636363633,False,4.835240492450678,3.5,17.5,22.75,24.75,False,True,0.8277013737436836,1,,nan,nan,0,0,headline_targeted_window_eq1,current
paperfaith,envelope,A,principal_axis_projection,nth_root,5.0,PKiKP,published_target,603.7,-6.96969696969697,0.9563845239397786,23,2,ok,,604.0,-6.5,-0.2999999999999545,-0.4696969696969697,True,0.7970697086176787,3.5,17.5,22.75,24.75,True,True,0.786746360327322,4033,PKIKP_PUBLISHED,0.1035164377861007,1.0,9612,9612,headline_targeted_window_eq1,current
paperfaith,envelope,A,principal_axis_projection,nth_root,5.0,PKKP,peak_1,1291.9,-4.646464646464646,0.3719000540708551,23,2,ok,,1290.0,-8.0,1.900000000000091,3.353535353535354,False,2.2365871190436053,3.5,17.5,28.0,58.0,False,True,0.5440409403793712,1,,nan,nan,0,0,headline_targeted_window_eq1,current
paperfaith,envelope,A,principal_axis_projection,nth_root,5.0,PKKP,peak_2,1288.7,-8.181818181818182,0.33480311853962536,23,2,ok,,1341.0,-7.0,-52.299999999999955,-1.1818181818181817,False,1.9131032631566058,3.5,17.5,24.5,54.5,True,True,0.5228401405305169,580,,nan,nan,0,0,headline_targeted_window_eq1,current
paperfaith,envelope,A,principal_axis_projection,nth_root,5.0,PKKP,paper_target,1344.1,-7.171717171717171,0.28055744686220435,23,2,ok,,1341.0,-7.0,3.099999999999909,-0.17171717171717127,True,0.7541169797457689,3.5,17.5,24.5,29.5,True,True,0.4828040140967354,4876,PKKP_PUBLISHED,0.054057428214731584,1.0,16020,16020,headline_targeted_window_eq1,current
paperfaith,envelope,A,principal_axis_projection,pws,1.0,PKiKP,global,665.8,-3.737373737373738,1.9341596952433247,23,2,ok,,604.0,-6.5,61.799999999999955,2.762626262626262,False,31.241163366931627,3.5,17.5,22.75,24.75,False,True,0.9149488955118257,1,,nan,nan,0,0,headline_targeted_window_eq1,current
paperfaith,envelope,A,principal_axis_projection,pws,1.0,PKiKP,published_target,604.45,-6.8686868686868685,0.9453598355485842,23,2,ok,,604.0,-6.5,0.4500000000000455,-0.3686868686868685,True,0.6543763085355312,3.5,17.5,22.75,24.75,True,True,0.7707382438927434,13756,PKIKP_PUBLISHED,0.0988347898460258,1.0,9612,9612,headline_targeted_window_eq1,current
paperfaith,envelope,A,principal_axis_projection,pws,1.0,PKKP,peak_1,1292.7,-4.747474747474747,0.6956949486459201,23,2,ok,,1290.0,-8.0,2.7000000000000455,3.2525252525252526,False,2.170217144108903,3.5,17.5,28.0,58.0,False,True,0.6862257596325326,1,,nan,nan,0,0,headline_targeted_window_eq1,current
paperfaith,envelope,A,principal_axis_projection,pws,1.0,PKKP,peak_2,1291.7,-6.4646464646464645,0.6669962635877776,23,2,ok,,1341.0,-7.0,-49.299999999999955,0.5353535353535355,False,1.6816431657182498,3.5,17.5,24.5,54.5,True,True,0.6737374586779341,168,,nan,nan,0,0,headline_targeted_window_eq1,current
paperfaith,envelope,A,principal_axis_projection,pws,1.0,PKKP,paper_target,1345.6,-7.777777777777778,0.5750174573195266,23,2,ok,,1341.0,-7.0,4.599999999999909,-0.7777777777777777,False,2.1511076675821763,3.5,17.5,24.5,29.5,False,True,0.6289570621826788,1684,PKKP_PUBLISHED,0.011610486891385767,1.0,16020,16020,headline_targeted_window_eq1,current
paperfaith,envelope,A,principal_axis_projection,pws,10.0,PKiKP,global,665.25,-3.6363636363636367,1.7003727893362044,23,2,ok,,604.0,-6.5,61.25,2.8636363636363633,False,30.99466971303025,3.5,17.5,22.75,24.75,False,True,0.8991484951505614,1,,nan,nan,0,0,headline_targeted_window_eq1,current
paperfaith,envelope,A,principal_axis_projection,pws,10.0,PKiKP,published_target,602.85,-5.959595959595959,0.8415307710469301,23,2,ok,,604.0,-6.5,-1.1499999999999773,0.5404040404040407,True,1.0685680018981365,3.5,17.5,22.75,24.75,True,False,0.7347310666580755,18494,PKIKP_PUBLISHED,0.14627548897211817,1.0,9612,9612,headline_targeted_window_eq1,current
paperfaith,envelope,A,principal_axis_projection,pws,10.0,PKKP,peak_1,1292.85,-4.646464646464646,0.5584011621575028,23,2,ok,,1290.0,-8.0,2.849999999999909,3.353535353535354,False,2.2377077177238007,3.5,17.5,28.0,58.0,False,True,0.6147460938566497,1,,nan,nan,0,0,headline_targeted_window_eq1,current
paperfaith,envelope,A,principal_axis_projection,pws,10.0,PKKP,peak_2,1344.7,-9.393939393939394,0.5156621740500712,23,2,ok,,1341.0,-7.0,3.7000000000000455,-2.3939393939393945,False,1.6007180085969637,3.5,17.5,24.5,54.5,False,True,0.5901010513578537,551,,nan,nan,0,0,headline_targeted_window_eq1,current
paperfaith,envelope,A,principal_axis_projection,pws,10.0,PKKP,paper_target,1345.9,-7.777777777777778,0.41189165805897443,23,2,ok,,1341.0,-7.0,4.900000000000091,-0.7777777777777777,False,2.1774444189303432,3.5,17.5,24.5,29.5,False,True,0.5224985338652554,4806,PKKP_PUBLISHED,0.03258426966292135,1.0,16020,16020,headline_targeted_window_eq1,current
paperfaith,envelope,A,principal_axis_projection,pws,20.0,PKiKP,global,665.9,-3.737373737373738,1.3383606083008244,23,2,ok,,604.0,-6.5,61.89999999999998,2.762626262626262,False,31.29061821887371,3.5,17.5,22.75,24.75,False,True,0.856465353898171,1,,nan,nan,0,0,headline_targeted_window_eq1,current
paperfaith,envelope,A,principal_axis_projection,pws,20.0,PKiKP,published_target,602.35,-6.0606060606060606,0.7285887713409419,23,2,ok,,604.0,-6.5,-1.6499999999999773,0.43939393939393945,True,1.1031420201408015,3.5,17.5,22.75,24.75,True,True,0.6897503803213593,24460,PKIKP_PUBLISHED,0.22482313774448606,1.0,9612,9612,headline_targeted_window_eq1,current
paperfaith,envelope,A,principal_axis_projection,pws,20.0,PKKP,peak_1,1292.95,-4.747474747474747,0.40529679977761607,23,2,ok,,1290.0,-8.0,2.9500000000000455,3.2525252525252526,False,2.1705787009525013,3.5,17.5,28.0,58.0,False,True,0.5091247639714177,1,,nan,nan,0,0,headline_targeted_window_eq1,current
paperfaith,envelope,A,principal_axis_projection,pws,20.0,PKKP,peak_2,1291.75,-6.363636363636363,0.387378584107839,23,2,ok,,1341.0,-7.0,-49.25,0.6363636363636367,False,1.6955975580813785,3.5,17.5,24.5,54.5,True,True,0.4950588255851161,533,,nan,nan,0,0,headline_targeted_window_eq1,current
paperfaith,envelope,A,principal_axis_projection,pws,20.0,PKKP,paper_target,1345.35,-7.878787878787879,0.3080121279155385,23,2,ok,,1341.0,-7.0,4.349999999999909,-0.8787878787878789,False,2.3629591298630395,3.5,17.5,24.5,29.5,False,True,0.422365407738352,11341,PKKP_PUBLISHED,0.07340823970037454,1.0,16020,16020,headline_targeted_window_eq1,current
paperfaith,envelope,A,principal_axis_projection,pws,5.0,PKiKP,global,664.7,-3.5353535353535355,1.8848773180936789,23,2,ok,,604.0,-6.5,60.700000000000045,2.9646464646464645,False,30.749581237453068,3.5,17.5,22.75,24.75,False,True,0.9119478241686716,1,,nan,nan,0,0,headline_targeted_window_eq1,current
paperfaith,envelope,A,principal_axis_projection,pws,5.0,PKiKP,published_target,603.95,-6.8686868686868685,0.9008214914591596,23,2,ok,,604.0,-6.5,-0.049999999999954525,-0.3686868686868685,True,0.6149864658450438,3.5,17.5,22.75,24.75,True,True,0.7560513414723379,15990,PKIKP_PUBLISHED,0.1165210153974199,1.0,9612,9612,headline_targeted_window_eq1,current
paperfaith,envelope,A,principal_axis_projection,pws,5.0,PKKP,peak_1,1292.9,-4.545454545454546,0.6468918490137564,23,2,ok,,1290.0,-8.0,2.900000000000091,3.454545454545454,False,2.305058138338444,3.5,17.5,28.0,58.0,False,True,0.6625577034596412,1,,nan,nan,0,0,headline_targeted_window_eq1,current
paperfaith,envelope,A,principal_axis_projection,pws,5.0,PKKP,peak_2,1344.75,-9.393939393939394,0.6157607873881015,23,2,ok,,1341.0,-7.0,3.75,-2.3939393939393945,False,1.6008472856383016,3.5,17.5,24.5,54.5,False,True,0.6474424821961552,300,,nan,nan,0,0,headline_targeted_window_eq1,current
paperfaith,envelope,A,principal_axis_projection,pws,5.0,PKKP,paper_target,1345.85,-7.777777777777778,0.5037424903467393,23,2,ok,,1341.0,-7.0,4.849999999999909,-0.7777777777777777,False,2.1729620791746065,3.5,17.5,24.5,29.5,False,True,0.5867601206981095,2667,PKKP_PUBLISHED,0.018664169787765292,1.0,16020,16020,headline_targeted_window_eq1,current
paperfaith,envelope,B,principal_axis_projection,nth_root,1.0,PKiKP,global,662.7,-3.5353535353535355,8.37965754307688,23,2,ok,,604.0,-6.5,58.700000000000045,2.9646464646464645,False,29.76300969792413,3.5,17.5,22.75,24.75,False,True,0.8802738532205274,1,,nan,nan,0,0,targeted_pkkp_window,current
paperfaith,envelope,B,principal_axis_projection,nth_root,1.0,PKiKP,published_target,604.45,-7.070707070707071,6.012795788261583,23,2,ok,,604.0,-6.5,0.4500000000000455,-0.5707070707070709,True,0.9774279748330555,3.5,17.5,22.75,24.75,True,True,0.8037041607648145,5663,PKIKP_PUBLISHED,0.07709113607990012,1.0,9612,9612,targeted_pkkp_window,current
paperfaith,envelope,B,principal_axis_projection,nth_root,1.0,PKKP,peak_1,1292.15,-4.747474747474747,1.9448196203526136,23,2,ok,,1290.0,-8.0,2.150000000000091,3.2525252525252526,False,2.169534181269176,3.5,17.5,28.0,58.0,False,True,0.5471169292968123,1,,nan,nan,0,0,targeted_pkkp_window,current
paperfaith,envelope,B,principal_axis_projection,nth_root,1.0,PKKP,peak_2,1288.75,-7.878787878787879,1.7072680969960716,23,2,ok,,1341.0,-7.0,-52.25,-0.8787878787878789,False,1.837561716079762,3.5,17.5,24.5,54.5,True,True,0.5219684319620651,576,,nan,nan,0,0,targeted_pkkp_window,current
paperfaith,envelope,B,principal_axis_projection,nth_root,1.0,PKKP,paper_target,1343.15,-7.070707070707071,1.4411756987960789,23,2,ok,,1341.0,-7.0,2.150000000000091,-0.07070707070707094,True,0.4649159187959235,3.5,17.5,24.5,29.5,True,True,0.4806113099326943,4128,PKKP_PUBLISHED,0.05474406991260924,1.0,16020,16020,targeted_pkkp_window,current
paperfaith,envelope,B,principal_axis_projection,nth_root,10.0,PKiKP,global,663.85,-3.6363636363636367,7.5650868429041305,23,2,ok,,604.0,-6.5,59.85000000000002,2.8636363636363633,False,30.303210236208233,3.5,17.5,22.75,24.75,False,True,0.8564319358548302,1,,nan,nan,0,0,targeted_pkkp_window,current
paperfaith,envelope,B,principal_axis_projection,nth_root,10.0,PKiKP,published_target,603.9,-6.96969696969697,5.281326742376462,23,2,ok,,604.0,-6.5,-0.10000000000002274,-0.4696969696969697,True,0.7844234318248526,3.5,17.5,22.75,24.75,True,True,0.772153596316589,10063,PKIKP_PUBLISHED,0.14700374531835206,1.0,9612,9612,targeted_pkkp_window,current
paperfaith,envelope,B,principal_axis_projection,nth_root,10.0,PKKP,peak_1,1291.95,-4.747474747474747,1.6628898762045001,23,2,ok,,1290.0,-8.0,1.9500000000000455,3.2525252525252526,False,2.1693241925964415,3.5,17.5,28.0,58.0,False,True,0.5173761812350042,1,,nan,nan,0,0,targeted_pkkp_window,current
paperfaith,envelope,B,principal_axis_projection,nth_root,10.0,PKKP,peak_2,1291.45,-6.262626262626263,1.542014917031969,23,2,ok,,1341.0,-7.0,-49.549999999999955,0.737373737373737,False,1.7232690224710192,3.5,17.5,24.5,54.5,True,True,0.4996742286820732,539,,nan,nan,0,0,targeted_pkkp_window,current
paperfaith,envelope,B,principal_axis_projection,nth_root,10.0,PKKP,paper_target,1342.35,-6.96969696969697,1.3082137635627074,23,2,ok,,1341.0,-7.0,1.349999999999909,0.030303030303030276,True,0.28042683588532497,3.5,17.5,24.5,29.5,True,True,0.45372551118139337,5161,PKKP_PUBLISHED,0.06591760299625468,1.0,16020,16020,targeted_pkkp_window,current
paperfaith,envelope,B,principal_axis_projection,nth_root,20.0,PKiKP,global,664.2,-3.6363636363636367,6.362292608074671,23,2,ok,,604.0,-6.5,60.200000000000045,2.8636363636363633,False,30.476038548666985,3.5,17.5,22.75,24.75,False,True,0.8130782495497847,1,,nan,nan,0,0,targeted_pkkp_window,current
paperfaith,envelope,B,principal_axis_projection,nth_root,20.0,PKiKP,published_target,603.55,-6.767676767676768,4.493590452014658,23,2,ok,,604.0,-6.5,-0.4500000000000455,-0.2676767676767682,True,0.49965502530881306,3.5,17.5,22.75,24.75,True,True,0.7303327716335417,18555,PKIKP_PUBLISHED,0.3441531419059509,1.0,9612,9612,targeted_pkkp_window,current
paperfaith,envelope,B,principal_axis_projection,nth_root,20.0,PKKP,peak_1,1291.95,-4.747474747474747,1.3554992886674482,23,2,ok,,1290.0,-8.0,1.9500000000000455,3.2525252525252526,False,2.1693241925964415,3.5,17.5,28.0,58.0,False,True,0.46658425005433163,1,,nan,nan,0,0,targeted_pkkp_window,current
paperfaith,envelope,B,principal_axis_projection,nth_root,20.0,PKKP,peak_2,1291.2,-6.262626262626263,1.3507173018134127,23,2,ok,,1341.0,-7.0,-49.799999999999955,0.737373737373737,False,1.7312577352983713,3.5,17.5,24.5,54.5,True,True,0.4656638341416641,45,,nan,nan,0,0,targeted_pkkp_window,current
paperfaith,envelope,B,principal_axis_projection,nth_root,20.0,PKKP,paper_target,1341.6,-6.96969696969697,1.0782393133552708,23,2,ok,,1341.0,-7.0,0.599999999999909,0.030303030303030276,True,0.141912685425442,3.5,17.5,24.5,29.5,True,True,0.38497127249574903,12564,PKKP_PUBLISHED,0.1463171036204744,1.0,16020,16020,targeted_pkkp_window,current
paperfaith,envelope,B,principal_axis_projection,nth_root,5.0,PKiKP,global,663.05,-3.5353535353535355,8.04454070880622,23,2,ok,,604.0,-6.5,59.049999999999955,2.9646464646464645,False,29.935595388746204,3.5,17.5,22.75,24.75,False,True,0.8710692572566844,1,,nan,nan,0,0,targeted_pkkp_window,current
paperfaith,envelope,B,principal_axis_projection,nth_root,5.0,PKiKP,published_target,603.95,-6.96969696969697,5.772356511719969,23,2,ok,,604.0,-6.5,-0.049999999999954525,-0.4696969696969697,True,0.7832273746466456,3.5,17.5,22.75,24.75,True,True,0.7937228683165278,6921,PKIKP_PUBLISHED,0.09519350811485643,1.0,9612,9612,targeted_pkkp_window,current
paperfaith,envelope,B,principal_axis_projection,nth_root,5.0,PKKP,peak_1,1291.85,-4.747474747474747,1.83519373970755,23,2,ok,,1290.0,-8.0,1.849999999999909,3.2525252525252526,False,2.16922687387972,3.5,17.5,28.0,58.0,False,True,0.536182458148269,1,,nan,nan,0,0,targeted_pkkp_window,current
paperfaith,envelope,B,principal_axis_projection,nth_root,5.0,PKKP,peak_2,1288.8,-8.181818181818182,1.647531279908128,23,2,ok,,1341.0,-7.0,-52.200000000000045,-1.1818181818181817,False,1.9100662251318286,3.5,17.5,24.5,54.5,True,True,0.5144893428112437,605,,nan,nan,0,0,targeted_pkkp_window,current
paperfaith,envelope,B,principal_axis_projection,nth_root,5.0,PKKP,paper_target,1343.15,-7.070707070707071,1.413509253423325,23,2,ok,,1341.0,-7.0,2.150000000000091,-0.07070707070707094,True,0.4649159187959235,3.5,17.5,24.5,29.5,True,True,0.47561301905811354,4092,PKKP_PUBLISHED,0.054369538077403246,1.0,16020,16020,targeted_pkkp_window,current
paperfaith,envelope,B,principal_axis_projection,pws,1.0,PKiKP,global,665.15,-3.5353535353535355,51.69128209492267,23,2,ok,,604.0,-6.5,61.14999999999998,2.9646464646464645,False,30.971678535053982,3.5,17.5,22.75,24.75,False,True,0.9694345033652844,1,,nan,nan,0,0,targeted_pkkp_window,current
paperfaith,envelope,B,principal_axis_projection,pws,1.0,PKiKP,published_target,604.7,-6.8686868686868685,7.064242195851424,23,2,ok,,604.0,-6.5,0.7000000000000455,-0.3686868686868685,True,0.707165718323926,3.5,17.5,22.75,24.75,True,True,0.8076204059746219,28345,PKIKP_PUBLISHED,0.08957553058676654,1.0,9612,9612,targeted_pkkp_window,current
paperfaith,envelope,B,principal_axis_projection,pws,1.0,PKKP,peak_1,1292.55,-4.747474747474747,2.5976016789711975,23,2,ok,,1290.0,-8.0,2.5499999999999545,3.2525252525252526,False,2.1700155420144354,3.5,17.5,28.0,58.0,False,True,0.5917536063638439,1,,nan,nan,0,0,targeted_pkkp_window,current
paperfaith,envelope,B,principal_axis_projection,pws,1.0,PKKP,peak_2,1291.8,-6.4646464646464645,2.468930860890086,23,2,ok,,1341.0,-7.0,-49.200000000000045,0.5353535353535355,False,1.678385918781036,3.5,17.5,24.5,54.5,True,True,0.5805917614694328,232,,nan,nan,0,0,targeted_pkkp_window,current
paperfaith,envelope,B,principal_axis_projection,pws,1.0,PKKP,paper_target,1345.3,-7.777777777777778,1.3086543640617476,23,2,ok,,1341.0,-7.0,4.2999999999999545,-0.7777777777777777,False,2.126138329820251,3.5,17.5,24.5,29.5,False,True,0.4322265699654789,7228,PKKP_PUBLISHED,0.02933832709113608,1.0,16020,16020,targeted_pkkp_window,current
paperfaith,envelope,B,principal_axis_projection,pws,10.0,PKiKP,global,664.65,-3.5353535353535355,40.604889464256544,23,2,ok,,604.0,-6.5,60.64999999999998,2.9646464646464645,False,30.724906367289773,3.5,17.5,22.75,24.75,False,True,0.9630009839757205,1,,nan,nan,0,0,targeted_pkkp_window,current
paperfaith,envelope,B,principal_axis_projection,pws,10.0,PKiKP,published_target,604.1,-5.959595959595959,6.1835049623068725,23,2,ok,,604.0,-6.5,0.10000000000002274,0.5404040404040407,True,0.9020601835136003,3.5,17.5,22.75,24.75,True,True,0.7712294672879947,38270,PKIKP_PUBLISHED,0.16125676238035788,1.0,9612,9612,targeted_pkkp_window,current
paperfaith,envelope,B,principal_axis_projection,pws,10.0,PKKP,peak_1,1292.5,-4.747474747474747,2.128878184668138,23,2,ok,,1290.0,-8.0,2.5,3.2525252525252526,False,2.1699508973773227,3.5,17.5,28.0,58.0,False,True,0.5465339700963117,1,,nan,nan,0,0,targeted_pkkp_window,current
paperfaith,envelope,B,principal_axis_projection,pws,10.0,PKKP,peak_2,1291.95,-6.262626262626263,1.9474530489044422,23,2,ok,,1341.0,-7.0,-49.049999999999955,0.737373737373737,False,1.7073014807087954,3.5,17.5,24.5,54.5,True,True,0.530051448497444,573,,nan,nan,0,0,targeted_pkkp_window,current
paperfaith,envelope,B,principal_axis_projection,pws,10.0,PKKP,paper_target,1343.35,-7.272727272727273,1.0730276657503293,23,2,ok,,1341.0,-7.0,2.349999999999909,-0.2727272727272734,True,0.8281159538723043,3.5,17.5,24.5,29.5,True,True,0.3626757587042536,13518,PKKP_PUBLISHED,0.0770287141073658,1.0,16020,16020,targeted_pkkp_window,current
paperfaith,envelope,B,principal_axis_projection,pws,20.0,PKiKP,global,664.9,-3.5353535353535355,27.469782226921037,23,2,ok,,604.0,-6.5,60.89999999999998,2.9646464646464645,False,30.848285953659136,3.5,17.5,22.75,24.75,False,True,0.955633288302702,1,,nan,nan,0,0,targeted_pkkp_window,current
paperfaith,envelope,B,principal_axis_projection,pws,20.0,PKiKP,published_target,605.55,-6.8686868686868685,5.220075325401272,23,2,ok,,604.0,-6.5,1.5499999999999545,-0.3686868686868685,True,0.989044161386408,3.5,17.5,22.75,24.75,True,True,0.7294289555332526,56253,PKIKP_PUBLISHED,0.36194340407823555,1.0,9612,9612,targeted_pkkp_window,current
paperfaith,envelope,B,principal_axis_projection,pws,20.0,PKKP,peak_1,1292.55,-4.747474747474747,1.5651979609087985,23,2,ok,,1290.0,-8.0,2.5499999999999545,3.2525252525252526,False,2.1700155420144354,3.5,17.5,28.0,58.0,False,True,0.48206990923615745,1,,nan,nan,0,0,targeted_pkkp_window,current
paperfaith,envelope,B,principal_axis_projection,pws,20.0,PKKP,peak_2,1291.95,-6.363636363636363,1.4941491748290479,23,2,ok,,1341.0,-7.0,-49.049999999999955,0.6363636363636367,False,1.6891437578036643,3.5,17.5,24.5,54.5,True,True,0.4696947491080331,497,,nan,nan,0,0,targeted_pkkp_window,current
paperfaith,envelope,B,principal_axis_projection,pws,20.0,PKKP,paper_target,1342.25,-7.171717171717171,0.8851382899375361,23,2,ok,,1341.0,-7.0,1.25,-0.17171717171717127,True,0.4967820640289895,3.5,17.5,24.5,29.5,True,True,0.28693802263471785,21783,PKKP_PUBLISHED,0.1398876404494382,1.0,16020,16020,targeted_pkkp_window,current
paperfaith,envelope,B,principal_axis_projection,pws,5.0,PKiKP,global,664.25,-3.4343434343434343,49.025907642855906,23,2,ok,,604.0,-6.5,60.25,3.0656565656565657,False,30.555226647759973,3.5,17.5,22.75,24.75,False,True,0.967191781345524,1,,nan,nan,0,0,targeted_pkkp_window,current
paperfaith,envelope,B,principal_axis_projection,pws,5.0,PKiKP,published_target,604.1,-5.959595959595959,6.72923603812588,23,2,ok,,604.0,-6.5,0.10000000000002274,0.5404040404040407,True,0.9020601835136003,3.5,17.5,22.75,24.75,True,False,0.794844447744992,31823,PKIKP_PUBLISHED,0.11496046608406159,1.0,9612,9612,targeted_pkkp_window,current
paperfaith,envelope,B,principal_axis_projection,pws,5.0,PKKP,peak_1,1292.45,-4.747474747474747,2.4323247042566627,23,2,ok,,1290.0,-8.0,2.4500000000000455,3.2525252525252526,False,2.169887530962987,3.5,17.5,28.0,58.0,False,True,0.5753049396454848,1,,nan,nan,0,0,targeted_pkkp_window,current
paperfaith,envelope,B,principal_axis_projection,pws,5.0,PKKP,peak_2,1291.85,-6.4646464646464645,2.2244466374205993,23,2,ok,,1341.0,-7.0,-49.15000000000009,0.5353535353535355,False,1.6767574074604763,3.5,17.5,24.5,54.5,True,True,0.5571388476017094,503,,nan,nan,0,0,targeted_pkkp_window,current
paperfaith,envelope,B,principal_axis_projection,pws,5.0,PKKP,paper_target,1345.05,-7.6767676767676765,1.1807000302086939,23,2,ok,,1341.0,-7.0,4.0499999999999545,-0.6767676767676765,False,1.8758173024003362,3.5,17.5,24.5,29.5,False,True,0.39878056904593673,10655,PKKP_PUBLISHED,0.06017478152309613,1.0,16020,16020,targeted_pkkp_window,current
paperfaith,envelope,C,principal_axis_projection,nth_root,1.0,PKiKP,global,662.8,-3.6363636363636367,0.11596572766174575,23,2,ok,,604.0,-6.5,58.799999999999955,2.8636363636363633,False,29.78487746524792,3.5,17.5,22.75,24.75,False,True,0.9548524418651636,1,,nan,nan,0,0,ablation_full_window,current
paperfaith,envelope,C,principal_axis_projection,nth_root,1.0,PKiKP,published_target,604.6,-7.070707070707071,0.06340630856766798,23,2,ok,,604.0,-6.5,0.6000000000000227,-0.5707070707070709,True,0.9973667560061569,3.5,17.5,22.75,24.75,True,True,0.8370726230870628,12312,PKIKP_PUBLISHED,0.09040782355389097,1.0,9612,9612,ablation_full_window,current
paperfaith,envelope,C,principal_axis_projection,nth_root,1.0,PKKP,peak_1,1343.9,-9.595959595959595,0.021466574081822384,23,2,ok,,1290.0,-8.0,53.90000000000009,-1.5959595959595951,False,2.0880732247628075,3.5,17.5,28.0,58.0,False,True,0.5700862644197219,1,,nan,nan,0,0,ablation_full_window,current
paperfaith,envelope,C,principal_axis_projection,nth_root,1.0,PKKP,peak_2,1200.0,-3.9393939393939394,0.019612199645069554,23,2,ok,,1341.0,-7.0,-141.0,3.0606060606060606,False,5.12379240876298,3.5,17.5,24.5,54.5,False,False,0.5465724117670828,455,,nan,nan,0,0,ablation_full_window,current
paperfaith,envelope,C,principal_axis_projection,nth_root,1.0,PKKP,paper_target,1342.05,-6.96969696969697,0.01912252117638462,23,2,ok,,1341.0,-7.0,1.0499999999999545,0.030303030303030276,True,0.22324697150165554,3.5,17.5,24.5,29.5,True,True,0.5394521843496533,611,PKKP_PUBLISHED,0.05062421972534332,1.0,16020,16020,ablation_full_window,current
paperfaith,envelope,C,principal_axis_projection,nth_root,10.0,PKiKP,global,664.6,-3.8383838383838382,0.10240693464872676,23,2,ok,,604.0,-6.5,60.60000000000002,2.6616161616161618,False,30.62300336311181,3.5,17.5,22.75,24.75,False,True,0.9398392220803715,1,,nan,nan,0,0,ablation_full_window,current
paperfaith,envelope,C,principal_axis_projection,nth_root,10.0,PKiKP,published_target,603.4,-6.767676767676768,0.055879052090988986,23,2,ok,,604.0,-6.5,-0.6000000000000227,-0.2676767676767682,True,0.5376152381734982,3.5,17.5,22.75,24.75,True,True,0.8034577846021451,18050,PKIKP_PUBLISHED,0.178006658343737,1.0,9612,9612,ablation_full_window,current
paperfaith,envelope,C,principal_axis_projection,nth_root,10.0,PKKP,peak_1,1343.95,-9.393939393939394,0.018776716326826787,23,2,ok,,1290.0,-8.0,53.950000000000045,-1.3939393939393945,False,2.024250015737092,3.5,17.5,28.0,58.0,True,True,0.5354260745921307,1,,nan,nan,0,0,ablation_full_window,current
paperfaith,envelope,C,principal_axis_projection,nth_root,10.0,PKKP,peak_2,1200.0,-3.9393939393939394,0.017672002462528792,23,2,ok,,1341.0,-7.0,-141.0,3.0606060606060606,False,5.12379240876298,3.5,17.5,24.5,54.5,False,False,0.5173049767766441,405,,nan,nan,0,0,ablation_full_window,current
paperfaith,envelope,C,principal_axis_projection,nth_root,10.0,PKKP,paper_target,1342.25,-6.96969696969697,0.01706845222322471,23,2,ok,,1341.0,-7.0,1.25,0.030303030303030276,True,0.26122635832676766,3.5,17.5,24.5,29.5,True,True,0.5063397086077672,716,PKKP_PUBLISHED,0.05980024968789014,1.0,16020,16020,ablation_full_window,current
paperfaith,envelope,C,principal_axis_projection,nth_root,20.0,PKiKP,global,664.8,-3.737373737373738,0.08463626328598461,23,2,ok,,604.0,-6.5,60.799999999999955,2.762626262626262,False,30.74671183263847,3.5,17.5,22.75,24.75,False,True,0.9088687773910555,1,,nan,nan,0,0,ablation_full_window,current
paperfaith,envelope,C,principal_axis_projection,nth_root,20.0,PKiKP,published_target,602.5,-6.4646464646464645,0.0489967842158447,23,2,ok,,604.0,-6.5,-1.5,0.03535353535353547,True,0.7523110180968922,3.5,17.5,22.75,24.75,True,True,0.7679822382007551,25670,PKIKP_PUBLISHED,0.3295880149812734,1.0,9612,9612,ablation_full_window,current
paperfaith,envelope,C,principal_axis_projection,nth_root,20.0,PKKP,peak_1,1200.0,-3.9393939393939394,0.015141703369251493,23,2,ok,,1290.0,-8.0,-90.0,4.0606060606060606,False,4.040820685588548,3.5,17.5,28.0,58.0,False,False,0.4690034542899048,1,,nan,nan,0,0,ablation_full_window,current
paperfaith,envelope,C,principal_axis_projection,nth_root,20.0,PKKP,peak_2,1343.75,-9.292929292929292,0.015034349741531906,23,2,ok,,1341.0,-7.0,2.75,-2.2929292929292924,False,1.5313655478215404,3.5,17.5,24.5,54.5,False,True,0.46647045397210574,24,,nan,nan,0,0,ablation_full_window,current
paperfaith,envelope,C,principal_axis_projection,nth_root,20.0,PKKP,paper_target,1341.7,-6.96969696969697,0.013751762524643975,23,2,ok,,1341.0,-7.0,0.7000000000000455,0.030303030303030276,True,0.15918294596051227,3.5,17.5,24.5,29.5,True,True,0.4336438881565799,4290,PKKP_PUBLISHED,0.14357053682896379,1.0,16020,16020,ablation_full_window,current
paperfaith,envelope,C,principal_axis_projection,nth_root,5.0,PKiKP,global,663.55,-3.737373737373738,0.10922995256049946,23,2,ok,,604.0,-6.5,59.549999999999955,2.762626262626262,False,30.12890495055057,3.5,17.5,22.75,24.75,False,True,0.9478001426273353,1,,nan,nan,0,0,ablation_full_window,current
paperfaith,envelope,C,principal_axis_projection,nth_root,5.0,PKiKP,published_target,604.1,-6.96969696969697,0.060538368376670225,23,2,ok,,604.0,-6.5,0.10000000000002274,-0.4696969696969697,True,0.7844234318248526,3.5,17.5,22.75,24.75,True,True,0.8242595336981652,14491,PKIKP_PUBLISHED,0.11776945484810654,1.0,9612,9612,ablation_full_window,current
paperfaith,envelope,C,principal_axis_projection,nth_root,5.0,PKKP,peak_1,1344.3,-9.595959595959595,0.02071971165519559,23,2,ok,,1290.0,-8.0,54.299999999999955,-1.5959595959595951,False,2.099556782004293,3.5,17.5,28.0,58.0,False,True,0.560926007428416,1,,nan,nan,0,0,ablation_full_window,current
paperfaith,envelope,C,principal_axis_projection,nth_root,5.0,PKKP,peak_2,1200.0,-3.9393939393939394,0.019012009212999267,23,2,ok,,1341.0,-7.0,-141.0,3.0606060606060606,False,5.12379240876298,3.5,17.5,24.5,54.5,False,False,0.5381412360089246,427,,nan,nan,0,0,ablation_full_window,current
paperfaith,envelope,C,principal_axis_projection,nth_root,5.0,PKKP,paper_target,1342.4,-6.96969696969697,0.01857030298829863,23,2,ok,,1341.0,-7.0,1.400000000000091,0.030303030303030276,True,0.29006759606111643,3.5,17.5,24.5,29.5,True,True,0.531220861595788,586,PKKP_PUBLISHED,0.05031210986267166,1.0,16020,16020,ablation_full_window,current
paperfaith,envelope,C,principal_axis_projection,pws,1.0,PKiKP,global,666.1,-4.040404040404041,1.3802058546719391,23,2,ok,,604.0,-6.5,62.10000000000002,2.4595959595959593,False,31.31943451864908,3.5,17.5,22.75,24.75,False,True,0.9971079195302253,1,,nan,nan,0,0,ablation_full_window,current
paperfaith,envelope,C,principal_axis_projection,pws,1.0,PKiKP,published_target,604.65,-6.8686868686868685,0.196818688046635,23,2,ok,,604.0,-6.5,0.6499999999999773,-0.3686868686868685,True,0.6951318962416925,3.5,17.5,22.75,24.75,True,True,0.876259101229369,29554,PKIKP_PUBLISHED,0.03838951310861423,1.0,9612,9612,ablation_full_window,current
paperfaith,envelope,C,principal_axis_projection,pws,1.0,PKKP,peak_1,1345.15,-9.595959595959595,0.10498223540300937,23,2,ok,,1290.0,-8.0,55.15000000000009,-1.5959595959595951,False,2.124031102715938,3.5,17.5,28.0,58.0,False,True,0.7598736666910567,1,,nan,nan,0,0,ablation_full_window,current
paperfaith,envelope,C,principal_axis_projection,pws,1.0,PKKP,peak_2,1264.75,-10.0,0.08325764231424763,23,2,ok,,1341.0,-7.0,-76.25,-3.0,False,3.234203061720838,3.5,17.5,24.5,54.5,False,True,0.7110540553232432,482,,nan,nan,0,0,ablation_full_window,current
paperfaith,envelope,C,principal_axis_projection,pws,1.0,PKKP,paper_target,1345.0,-7.6767676767676765,0.07199696614572651,23,2,ok,,1341.0,-7.0,4.0,-0.6767676767676765,False,1.87152091946216,3.5,17.5,24.5,29.5,False,True,0.6792900959185212,1078,PKKP_PUBLISHED,0.01435705368289638,1.0,16020,16020,ablation_full_window,current
paperfaith,envelope,C,principal_axis_projection,pws,10.0,PKiKP,global,665.2,-3.9393939393939394,1.0642171895132853,23,2,ok,,604.0,-6.5,61.200000000000045,2.5606060606060606,False,30.896165862342357,3.5,17.5,22.75,24.75,False,True,0.995864899369098,1,,nan,nan,0,0,ablation_full_window,current
paperfaith,envelope,C,principal_axis_projection,pws,10.0,PKiKP,published_target,604.85,-6.8686868686868685,0.16502133780488834,23,2,ok,,604.0,-6.5,0.8500000000000227,-0.3686868686868685,True,0.7471334239428645,3.5,17.5,22.75,24.75,True,True,0.8408667723084551,41891,PKIKP_PUBLISHED,0.15501456512692469,1.0,9612,9612,ablation_full_window,current
paperfaith,envelope,C,principal_axis_projection,pws,10.0,PKKP,peak_1,1344.6,-9.494949494949495,0.07879534136748285,23,2,ok,,1290.0,-8.0,54.59999999999991,-1.4949494949494948,False,2.075012609594856,3.5,17.5,28.0,58.0,True,True,0.6913660225866658,1,,nan,nan,0,0,ablation_full_window,current
paperfaith,envelope,C,principal_axis_projection,pws,10.0,PKKP,peak_2,1265.15,-10.0,0.06621704479939275,23,2,ok,,1341.0,-7.0,-75.84999999999991,-3.0,False,3.2237353248125737,3.5,17.5,24.5,54.5,False,True,0.6526698941652752,606,,nan,nan,0,0,ablation_full_window,current
paperfaith,envelope,C,principal_axis_projection,pws,10.0,PKKP,paper_target,1343.95,-7.373737373737374,0.05516288002193987,23,2,ok,,1341.0,-7.0,2.9500000000000455,-0.3737373737373737,True,1.1050328743076805,3.5,17.5,24.5,29.5,True,True,0.6102364053543131,2032,PKKP_PUBLISHED,0.056491885143570536,1.0,16020,16020,ablation_full_window,current
paperfaith,envelope,C,principal_axis_projection,pws,20.0,PKiKP,global,665.4,-3.8383838383838382,0.7479289463008385,23,2,ok,,604.0,-6.5,61.39999999999998,2.6616161616161618,False,31.01883838858502,3.5,17.5,22.75,24.75,False,True,0.9898607909155342,1,,nan,nan,0,0,ablation_full_window,current
paperfaith,envelope,C,principal_axis_projection,pws,20.0,PKiKP,published_target,602.6,-6.4646464646464645,0.1420495180682991,23,2,ok,,604.0,-6.5,-1.3999999999999773,0.03535353535353547,True,0.7024755283637761,3.5,17.5,22.75,24.75,True,True,0.8075869879312811,60670,PKIKP_PUBLISHED,0.2194132334581773,1.0,9612,9612,ablation_full_window,current
paperfaith,envelope,C,principal_axis_projection,pws,20.0,PKKP,peak_1,1344.7,-9.393939393939394,0.05409945254795867,23,2,ok,,1290.0,-8.0,54.700000000000045,-1.3939393939393945,False,2.046492070074615,3.5,17.5,28.0,58.0,True,True,0.5972494547726098,1,,nan,nan,0,0,ablation_full_window,current
paperfaith,envelope,C,principal_axis_projection,pws,20.0,PKKP,peak_2,1266.15,-10.0,0.05151572544469401,23,2,ok,,1341.0,-7.0,-74.84999999999991,-3.0,False,3.1976593001756743,3.5,17.5,24.5,54.5,False,True,0.5850887816939017,368,,nan,nan,0,0,ablation_full_window,current
paperfaith,envelope,C,principal_axis_projection,pws,20.0,PKKP,paper_target,1343.65,-7.575757575757576,0.04192731776172896,23,2,ok,,1341.0,-7.0,2.650000000000091,-0.5757575757575761,False,1.53386926195293,3.5,17.5,24.5,29.5,False,True,0.5180775233079932,4518,PKKP_PUBLISHED,0.10268414481897628,1.0,16020,16020,ablation_full_window,current
paperfaith,envelope,C,principal_axis_projection,pws,5.0,PKiKP,global,665.2,-3.9393939393939394,1.246938412721286,23,2,ok,,604.0,-6.5,61.200000000000045,2.5606060606060606,False,30.896165862342357,3.5,17.5,22.75,24.75,False,True,0.9966540457128255,1,,nan,nan,0,0,ablation_full_window,current
paperfaith,envelope,C,principal_axis_projection,pws,5.0,PKiKP,published_target,604.8,-6.8686868686868685,0.1827771454374576,23,2,ok,,604.0,-6.5,0.7999999999999545,-0.3686868686868685,True,0.7332007591189198,3.5,17.5,22.75,24.75,True,True,0.862301498460695,34189,PKIKP_PUBLISHED,0.06928838951310862,1.0,9612,9612,ablation_full_window,current
paperfaith,envelope,C,principal_axis_projection,pws,5.0,PKKP,peak_1,1344.7,-9.494949494949495,0.09635955435957295,23,2,ok,,1290.0,-8.0,54.700000000000045,-1.4949494949494948,False,2.0779369033784727,3.5,17.5,28.0,58.0,True,True,0.7386840061899826,1,,nan,nan,0,0,ablation_full_window,current
paperfaith,envelope,C,principal_axis_projection,pws,5.0,PKKP,peak_2,1264.95,-10.0,0.07774593763011053,23,2,ok,,1341.0,-7.0,-76.04999999999995,-3.0,False,3.2289665529391893,3.5,17.5,24.5,54.5,False,True,0.6937260353859948,467,,nan,nan,0,0,ablation_full_window,current
paperfaith,envelope,C,principal_axis_projection,pws,5.0,PKKP,paper_target,1344.75,-7.575757575757576,0.06368754099480681,23,2,ok,,1341.0,-7.0,3.75,-0.5757575757575761,False,1.6230695957857155,3.5,17.5,24.5,29.5,False,True,0.6490306037198869,1471,PKKP_PUBLISHED,0.03888888888888889,1.0,16020,16020,ablation_full_window,current
paperfaith,waveform,C,principal_axis_projection,nth_root,1.0,PKiKP,global,589.4,-0.6060606060606055,0.005710173472871858,23,2,ok,,604.0,-6.5,-14.600000000000023,5.8939393939393945,False,12.23870472215898,3.5,17.5,22.75,24.75,False,True,0.9940789110949699,1,,nan,nan,0,0,ablation_full_window,current
paperfaith,waveform,C,principal_axis_projection,nth_root,1.0,PKiKP,published_target,606.7,-6.0606060606060606,0.004332925452079819,23,2,ok,,604.0,-6.5,2.7000000000000455,0.43939393939393945,False,1.5358376595852858,3.5,17.5,22.75,24.75,True,True,0.9935297339127589,14,PKIKP_PUBLISHED,0.0005201831044527674,1.0,9612,9612,ablation_full_window,current
paperfaith,waveform,C,principal_axis_projection,nth_root,1.0,PKKP,peak_1,1201.1,-3.737373737373738,0.0032921449749682852,23,2,ok,,1290.0,-8.0,-88.90000000000009,4.262626262626262,False,4.105714589573425,3.5,17.5,28.0,58.0,False,True,0.9929402401516949,1,,nan,nan,0,0,ablation_full_window,current
paperfaith,waveform,C,principal_axis_projection,nth_root,1.0,PKKP,peak_2,1442.4,-8.282828282828284,0.003136709554948499,23,2,ok,,1341.0,-7.0,101.40000000000009,-1.2828282828282838,False,3.486516784746901,3.5,17.5,24.5,54.5,False,True,0.9928306226427059,5,,nan,nan,0,0,ablation_full_window,current
paperfaith,waveform,C,principal_axis_projection,nth_root,1.0,PKKP,paper_target,1353.3,-6.363636363636363,0.0006670533824080548,23,2,ok,,1341.0,-7.0,12.299999999999955,0.6363636363636367,False,2.9296060717333905,3.5,17.5,24.5,29.5,False,True,0.9874560957904479,410,PKKP_PUBLISHED,0.0008114856429463171,1.0,16020,16020,ablation_full_window,current
paperfaith,waveform,C,principal_axis_projection,nth_root,10.0,PKiKP,global,589.15,-0.6060606060606055,0.0007392809504905232,23,2,ok,,604.0,-6.5,-14.850000000000023,5.8939393939393945,False,12.313672006196873,3.5,17.5,22.75,24.75,False,True,0.9834294502365929,1,,nan,nan,0,0,ablation_full_window,current
paperfaith,waveform,C,principal_axis_projection,nth_root,10.0,PKiKP,published_target,606.85,-6.0606060606060606,0.0005062776621291621,23,2,ok,,604.0,-6.5,2.8500000000000227,0.43939393939393945,False,1.6021617635558463,3.5,17.5,22.75,24.75,True,True,0.982489093275783,137,PKIKP_PUBLISHED,0.0056179775280898875,1.0,9612,9612,ablation_full_window,current
paperfaith,waveform,C,principal_axis_projection,nth_root,10.0,PKKP,peak_1,1201.15,-3.737373737373738,0.0004267961551772554,23,2,ok,,1290.0,-8.0,-88.84999999999991,4.262626262626262,False,4.104511821281069,3.5,17.5,28.0,58.0,False,True,0.981960183346725,1,,nan,nan,0,0,ablation_full_window,current
paperfaith,waveform,C,principal_axis_projection,nth_root,10.0,PKKP,peak_2,1402.15,-4.545454545454546,0.0003947252508782748,23,2,ok,,1341.0,-7.0,61.15000000000009,2.454545454545454,False,2.6139029683963044,3.5,17.5,24.5,54.5,False,True,0.9816250109236137,38,,nan,nan,0,0,ablation_full_window,current
paperfaith,waveform,C,principal_axis_projection,nth_root,10.0,PKKP,paper_target,1353.6,-6.363636363636363,9.613517850766794e-05,23,2,ok,,1341.0,-7.0,12.599999999999909,0.6363636363636367,False,2.9801663939345904,3.5,17.5,24.5,29.5,False,True,0.9617441431452118,3077,PKKP_PUBLISHED,0.005368289637952559,1.0,16020,16020,ablation_full_window,current
paperfaith,waveform,C,principal_axis_projection,nth_root,20.0,PKiKP,global,588.95,-0.6060606060606055,0.00041934807650535207,23,2,ok,,604.0,-6.5,-15.049999999999955,5.8939393939393945,False,12.374227987078466,3.5,17.5,22.75,24.75,False,True,0.9810930500102099,1,,nan,nan,0,0,ablation_full_window,current
paperfaith,waveform,C,principal_axis_projection,nth_root,20.0,PKiKP,published_target,607.5,-6.0606060606060606,0.0002819054602429642,23,2,ok,,604.0,-6.5,3.5,0.43939393939393945,False,1.8970496347223884,3.5,17.5,22.75,24.75,True,True,0.979878540313201,235,PKIKP_PUBLISHED,0.011444028297960882,1.0,9612,9612,ablation_full_window,current
paperfaith,waveform,C,principal_axis_projection,nth_root,20.0,PKKP,peak_1,1201.2,-3.737373737373738,0.00022303797862663935,23,2,ok,,1290.0,-8.0,-88.79999999999995,4.262626262626262,False,4.103309377391815,3.5,17.5,28.0,58.0,False,True,0.9787333315463282,1,,nan,nan,0,0,ablation_full_window,current
paperfaith,waveform,C,principal_axis_projection,nth_root,20.0,PKKP,peak_2,1402.0,-4.545454545454546,0.0002114813800480785,23,2,ok,,1341.0,-7.0,61.0,2.454545454545454,False,2.610005822763173,3.5,17.5,24.5,54.5,False,True,0.9783345243068654,55,,nan,nan,0,0,ablation_full_window,current
paperfaith,waveform,C,principal_axis_projection,nth_root,20.0,PKKP,paper_target,1353.3,-6.363636363636363,5.5814155310843834e-05,23,2,ok,,1341.0,-7.0,12.299999999999955,0.6363636363636367,False,2.9296060717333905,3.5,17.5,24.5,29.5,False,True,0.9419768155699576,5881,PKKP_PUBLISHED,0.02215980024968789,1.0,16020,16020,ablation_full_window,current
paperfaith,waveform,C,principal_axis_projection,nth_root,5.0,PKiKP,global,589.4,-0.6060606060606055,0.001418285885430073,23,2,ok,,604.0,-6.5,-14.600000000000023,5.8939393939393945,False,12.23870472215898,3.5,17.5,22.75,24.75,False,True,0.9862006157322264,1,,nan,nan,0,0,ablation_full_window,current
paperfaith,waveform,C,principal_axis_projection,nth_root,5.0,PKiKP,published_target,606.7,-6.0606060606060606,0.0009890808629852883,23,2,ok,,604.0,-6.5,2.7000000000000455,0.43939393939393945,False,1.5358376595852858,3.5,17.5,22.75,24.75,True,True,0.9852033797061162,65,PKIKP_PUBLISHED,0.002600915522263837,1.0,9612,9612,ablation_full_window,current
paperfaith,waveform,C,principal_axis_projection,nth_root,5.0,PKKP,peak_1,1201.1,-3.737373737373738,0.0008394888089493199,23,2,ok,,1290.0,-8.0,-88.90000000000009,4.262626262626262,False,4.105714589573425,3.5,17.5,28.0,58.0,False,True,0.9847642558878005,1,,nan,nan,0,0,ablation_full_window,current
paperfaith,waveform,C,principal_axis_projection,nth_root,5.0,PKKP,peak_2,1402.25,-4.545454545454546,0.0007685636664530353,23,2,ok,,1341.0,-7.0,61.25,2.454545454545454,False,2.616503148897589,3.5,17.5,24.5,54.5,False,True,0.9844820398358309,20,,nan,nan,0,0,ablation_full_window,current
paperfaith,waveform,C,principal_axis_projection,nth_root,5.0,PKKP,paper_target,1353.25,-6.363636363636363,0.00017905937897778125,23,2,ok,,1341.0,-7.0,12.25,0.6363636363636367,False,2.921214085878882,3.5,17.5,24.5,29.5,False,True,0.9733165267681381,1456,PKKP_PUBLISHED,0.002871410736579276,1.0,16020,16020,ablation_full_window,current
paperfaith,waveform,C,principal_axis_projection,pws,1.0,PKiKP,global,663.4,-2.525252525252525,0.49010614030881483,23,2,ok,,604.0,-6.5,59.39999999999998,3.974747474747475,False,30.42983812933958,3.5,17.5,22.75,24.75,False,True,0.9908289589845278,1,,nan,nan,0,0,ablation_full_window,current
paperfaith,waveform,C,principal_axis_projection,pws,1.0,PKiKP,published_target,606.6,-6.0606060606060606,0.022126895350844854,23,2,ok,,604.0,-6.5,2.6000000000000227,0.43939393939393945,False,1.4920781871605713,3.5,17.5,22.75,24.75,True,True,0.9652551723446575,5242,PKIKP_PUBLISHED,0.0011444028297960883,1.0,9612,9612,ablation_full_window,current
paperfaith,waveform,C,principal_axis_projection,pws,1.0,PKKP,peak_1,1384.55,-8.181818181818182,0.025423605609384132,23,2,ok,,1290.0,-8.0,94.54999999999995,-0.18181818181818166,False,3.1539966956397576,3.5,17.5,28.0,58.0,False,True,0.9678807623015144,1,,nan,nan,0,0,ablation_full_window,current
paperfaith,waveform,C,principal_axis_projection,pws,1.0,PKKP,peak_2,1383.85,-2.8282828282828287,0.02448299963216608,23,2,ok,,1341.0,-7.0,42.84999999999991,4.171717171717171,False,3.1264840323916503,3.5,17.5,24.5,54.5,False,True,0.9672080202533058,5,,nan,nan,0,0,ablation_full_window,current
paperfaith,waveform,C,principal_axis_projection,pws,1.0,PKKP,paper_target,1345.95,-6.161616161616162,0.017250235131901867,23,2,ok,,1341.0,-7.0,4.9500000000000455,0.8383838383838382,False,2.318004880904078,3.5,17.5,24.5,29.5,False,True,0.9594929525530528,73,PKKP_PUBLISHED,0.0003745318352059925,1.0,16020,16020,ablation_full_window,current
paperfaith,waveform,C,principal_axis_projection,pws,10.0,PKiKP,global,663.15,-2.525252525252525,0.09091946029059299,23,2,ok,,604.0,-6.5,59.14999999999998,3.974747474747475,False,30.307848382519815,3.5,17.5,22.75,24.75,False,True,0.9713224905708239,1,,nan,nan,0,0,ablation_full_window,current
paperfaith,waveform,C,principal_axis_projection,pws,10.0,PKiKP,published_target,606.65,-6.0606060606060606,0.003985151313208686,23,2,ok,,604.0,-6.5,2.6499999999999773,0.43939393939393945,False,1.5139096130880196,3.5,17.5,22.75,24.75,True,True,0.8673902729824657,31646,PKIKP_PUBLISHED,0.013108614232209739,1.0,9612,9612,ablation_full_window,current
paperfaith,waveform,C,principal_axis_projection,pws,10.0,PKKP,peak_1,1384.7,-8.181818181818182,0.004044757269626937,23,2,ok,,1290.0,-8.0,94.70000000000005,-0.18181818181818166,False,3.1589930077119823,3.5,17.5,28.0,58.0,False,True,0.8691929688758191,1,,nan,nan,0,0,ablation_full_window,current
paperfaith,waveform,C,principal_axis_projection,pws,10.0,PKKP,peak_2,1472.65,-4.040404040404041,0.00401892073001649,23,2,ok,,1341.0,-7.0,131.6500000000001,2.9595959595959593,False,4.811491544858773,3.5,17.5,24.5,54.5,False,True,0.868399277091052,12,,nan,nan,0,0,ablation_full_window,current
paperfaith,waveform,C,principal_axis_projection,pws,10.0,PKKP,paper_target,1345.8,-6.161616161616162,0.0024422081812138295,23,2,ok,,1341.0,-7.0,4.7999999999999545,0.8383838383838382,False,2.305351736263925,3.5,17.5,24.5,29.5,False,True,0.7956812444877975,2206,PKKP_PUBLISHED,0.0050561797752808986,1.0,16020,16020,ablation_full_window,current
paperfaith,waveform,C,principal_axis_projection,pws,20.0,PKiKP,global,663.2,-2.525252525252525,0.04822380042620337,23,2,ok,,604.0,-6.5,59.200000000000045,3.974747474747475,False,30.33224437092994,3.5,17.5,22.75,24.75,False,True,0.9618110468733622,1,,nan,nan,0,0,ablation_full_window,current
paperfaith,waveform,C,principal_axis_projection,pws,20.0,PKiKP,published_target,608.45,-6.0606060606060606,0.002645067301052969,23,2,ok,,604.0,-6.5,4.4500000000000455,0.43939393939393945,False,2.3424180490681947,3.5,17.5,22.75,24.75,True,True,0.7952349290635243,55706,PKIKP_PUBLISHED,0.025697045359966707,1.0,9612,9612,ablation_full_window,current
paperfaith,waveform,C,principal_axis_projection,pws,20.0,PKKP,peak_1,1384.3,-2.8282828282828287,0.0023506810739402514,23,2,ok,,1290.0,-8.0,94.29999999999995,5.171717171717171,False,4.665613381336274,3.5,17.5,28.0,58.0,False,True,0.7735772987587071,1,,nan,nan,0,0,ablation_full_window,current
paperfaith,waveform,C,principal_axis_projection,pws,20.0,PKKP,peak_2,1200.95,-3.737373737373738,0.0023423846497319764,23,2,ok,,1341.0,-7.0,-140.04999999999995,3.262626262626262,False,5.15017740275155,3.5,17.5,24.5,54.5,False,True,0.7729132738086287,18,,nan,nan,0,0,ablation_full_window,current
paperfaith,waveform,C,principal_axis_projection,pws,20.0,PKKP,paper_target,1344.35,-6.161616161616162,0.001553809374373908,23,2,ok,,1341.0,-7.0,3.349999999999909,0.8383838383838382,False,2.200442370955233,3.5,17.5,24.5,29.5,False,True,0.6837175285370551,4202,PKKP_PUBLISHED,0.01729088639200999,1.0,16020,16020,ablation_full_window,current
paperfaith,waveform,C,principal_axis_projection,pws,5.0,PKiKP,global,663.2,-2.525252525252525,0.1674669359988812,23,2,ok,,604.0,-6.5,59.200000000000045,3.974747474747475,False,30.33224437092994,3.5,17.5,22.75,24.75,False,True,0.9792685613715307,1,,nan,nan,0,0,ablation_full_window,current
paperfaith,waveform,C,principal_axis_projection,pws,5.0,PKiKP,published_target,606.5,-6.0606060606060606,0.007137648680276948,23,2,ok,,604.0,-6.5,2.5,0.43939393939393945,False,1.448722649992174,3.5,17.5,22.75,24.75,True,True,0.9221800677885136,15830,PKIKP_PUBLISHED,0.005201831044527674,1.0,9612,9612,ablation_full_window,current
paperfaith,waveform,C,principal_axis_projection,pws,5.0,PKKP,peak_1,1384.6,-8.181818181818182,0.007469250734890959,23,2,ok,,1290.0,-8.0,94.59999999999991,-0.18181818181818166,False,3.15566213169912,3.5,17.5,28.0,58.0,False,True,0.9249895885159206,1,,nan,nan,0,0,ablation_full_window,current
paperfaith,waveform,C,principal_axis_projection,pws,5.0,PKKP,peak_2,1383.8,-2.8282828282828287,0.007192886080552971,23,2,ok,,1341.0,-7.0,42.799999999999955,4.171717171717171,False,3.125722967805468,3.5,17.5,24.5,54.5,False,True,0.9226773782368493,14,,nan,nan,0,0,ablation_full_window,current
paperfaith,waveform,C,principal_axis_projection,pws,5.0,PKKP,paper_target,1346.0,-6.161616161616162,0.004590787259947136,23,2,ok,,1341.0,-7.0,5.0,0.8383838383838382,False,2.3222933983231124,3.5,17.5,24.5,29.5,False,True,0.8866875310410416,700,PKKP_PUBLISHED,0.0018102372034956304,1.0,16020,16020,ablation_full_window,current
